snapshot_date,assignee_login,assignee_id,created_at,last_activity_at,last_activity_editor,plan_type,pending_cancellation_date,_ingested_at,_source_system,_source_api,_watermark,_batch_id,_data_class
2026-08-28,aisha-rahman,39005316,2026-06-01T00:00:00Z,2026-08-28T14:00:00Z,visualstudio,enterprise,,2026-09-04T18:00:00Z,AI-FinOps-MOCK,github.orgs.copilot.billing.seats,2026-08-28,batch-2026-09-04,MOCK
2026-08-28,marco-silva,28229179,2026-06-01T00:00:00Z,2026-08-28T14:00:00Z,jetbrains,enterprise,,2026-09-04T18:00:00Z,AI-FinOps-MOCK,github.orgs.copilot.billing.seats,2026-08-28,batch-2026-09-04,MOCK
2026-08-28,jenny-oyelaran,95141661,2026-06-01T00:00:00Z,2026-08-28T14:00:00Z,jetbrains,enterprise,,2026-09-04T18:00:00Z,AI-FinOps-MOCK,github.orgs.copilot.billing.seats,2026-08-28,batch-2026-09-04,MOCK
2026-08-28,dev-patel,76731252,2026-06-01T00:00:00Z,,,enterprise,,2026-09-04T18:00:00Z,AI-FinOps-MOCK,github.orgs.copilot.billing.seats,2026-08-28,batch-2026-09-04,MOCK
2026-08-28,sam-chen,86211158,2026-06-01T00:00:00Z,2026-08-28T14:00:00Z,vscode,enterprise,,2026-09-04T18:00:00Z,AI-FinOps-MOCK,github.orgs.copilot.billing.seats,2026-08-28,batch-2026-09-04,MOCK
2026-08-28,robin-hale,61547237,2026-06-01T00:00:00Z,,,enterprise,,2026-09-04T18:00:00Z,AI-FinOps-MOCK,github.orgs.copilot.billing.seats,2026-08-28,batch-2026-09-04,MOCK
2026-08-28,lee-novak,59626499,2026-06-01T00:00:00Z,2026-08-28T14:00:00Z,vscode,enterprise,,2026-09-04T18:00:00Z,AI-FinOps-MOCK,github.orgs.copilot.billing.seats,2026-08-28,batch-2026-09-04,MOCK
2026-08-28,kim-arroyo,30027017,2026-06-01T00:00:00Z,,,enterprise,,2026-09-04T18:00:00Z,AI-FinOps-MOCK,github.orgs.copilot.billing.seats,2026-08-28,batch-2026-09-04,MOCK
2026-08-27,aisha-rahman,39005316,2026-06-01T00:00:00Z,,,enterprise,,2026-09-04T18:00:00Z,AI-FinOps-MOCK,github.orgs.copilot.billing.seats,2026-08-27,batch-2026-09-04,MOCK
2026-08-27,marco-silva,28229179,2026-06-01T00:00:00Z,2026-08-27T14:00:00Z,jetbrains,enterprise,,2026-09-04T18:00:00Z,AI-FinOps-MOCK,github.orgs.copilot.billing.seats,2026-08-27,batch-2026-09-04,MOCK
2026-08-27,jenny-oyelaran,95141661,2026-06-01T00:00:00Z,,,enterprise,,2026-09-04T18:00:00Z,AI-FinOps-MOCK,github.orgs.copilot.billing.seats,2026-08-27,batch-2026-09-04,MOCK
2026-08-27,dev-patel,76731252,2026-06-01T00:00:00Z,2026-08-27T14:00:00Z,vscode,enterprise,,2026-09-04T18:00:00Z,AI-FinOps-MOCK,github.orgs.copilot.billing.seats,2026-08-27,batch-2026-09-04,MOCK
2026-08-27,sam-chen,86211158,2026-06-01T00:00:00Z,2026-08-27T14:00:00Z,jetbrains,enterprise,,2026-09-04T18:00:00Z,AI-FinOps-MOCK,github.orgs.copilot.billing.seats,2026-08-27,batch-2026-09-04,MOCK
2026-08-27,robin-hale,61547237,2026-06-01T00:00:00Z,2026-08-27T14:00:00Z,jetbrains,enterprise,,2026-09-04T18:00:00Z,AI-FinOps-MOCK,github.orgs.copilot.billing.seats,2026-08-27,batch-2026-09-04,MOCK
2026-08-27,lee-novak,59626499,2026-06-01T00:00:00Z,,,enterprise,,2026-09-04T18:00:00Z,AI-FinOps-MOCK,github.orgs.copilot.billing.seats,2026-08-27,batch-2026-09-04,MOCK
2026-08-27,kim-arroyo,30027017,2026-06-01T00:00:00Z,2026-08-27T14:00:00Z,vscode,enterprise,,2026-09-04T18:00:00Z,AI-FinOps-MOCK,github.orgs.copilot.billing.seats,2026-08-27,batch-2026-09-04,MOCK
2026-08-26,aisha-rahman,39005316,2026-06-01T00:00:00Z,2026-08-26T14:00:00Z,visualstudio,enterprise,,2026-09-04T18:00:00Z,AI-FinOps-MOCK,github.orgs.copilot.billing.seats,2026-08-26,batch-2026-09-04,MOCK
2026-08-26,marco-silva,28229179,2026-06-01T00:00:00Z,,,enterprise,,2026-09-04T18:00:00Z,AI-FinOps-MOCK,github.orgs.copilot.billing.seats,2026-08-26,batch-2026-09-04,MOCK
2026-08-26,jenny-oyelaran,95141661,2026-06-01T00:00:00Z,,,enterprise,,2026-09-04T18:00:00Z,AI-FinOps-MOCK,github.orgs.copilot.billing.seats,2026-08-26,batch-2026-09-04,MOCK
2026-08-26,dev-patel,76731252,2026-06-01T00:00:00Z,,,enterprise,,2026-09-04T18:00:00Z,AI-FinOps-MOCK,github.orgs.copilot.billing.seats,2026-08-26,batch-2026-09-04,MOCK
2026-08-26,sam-chen,86211158,2026-06-01T00:00:00Z,,,enterprise,,2026-09-04T18:00:00Z,AI-FinOps-MOCK,github.orgs.copilot.billing.seats,2026-08-26,batch-2026-09-04,MOCK
2026-08-26,robin-hale,61547237,2026-06-01T00:00:00Z,2026-08-26T14:00:00Z,jetbrains,enterprise,,2026-09-04T18:00:00Z,AI-FinOps-MOCK,github.orgs.copilot.billing.seats,2026-08-26,batch-2026-09-04,MOCK
2026-08-26,lee-novak,59626499,2026-06-01T00:00:00Z,2026-08-26T14:00:00Z,jetbrains,enterprise,,2026-09-04T18:00:00Z,AI-FinOps-MOCK,github.orgs.copilot.billing.seats,2026-08-26,batch-2026-09-04,MOCK
2026-08-26,kim-arroyo,30027017,2026-06-01T00:00:00Z,,,enterprise,,2026-09-04T18:00:00Z,AI-FinOps-MOCK,github.orgs.copilot.billing.seats,2026-08-26,batch-2026-09-04,MOCK
2026-08-25,aisha-rahman,39005316,2026-06-01T00:00:00Z,,,enterprise,,2026-09-04T18:00:00Z,AI-FinOps-MOCK,github.orgs.copilot.billing.seats,2026-08-25,batch-2026-09-04,MOCK
2026-08-25,marco-silva,28229179,2026-06-01T00:00:00Z,,,enterprise,,2026-09-04T18:00:00Z,AI-FinOps-MOCK,github.orgs.copilot.billing.seats,2026-08-25,batch-2026-09-04,MOCK
2026-08-25,jenny-oyelaran,95141661,2026-06-01T00:00:00Z,,,enterprise,,2026-09-04T18:00:00Z,AI-FinOps-MOCK,github.orgs.copilot.billing.seats,2026-08-25,batch-2026-09-04,MOCK
2026-08-25,dev-patel,76731252,2026-06-01T00:00:00Z,2026-08-25T14:00:00Z,visualstudio,enterprise,,2026-09-04T18:00:00Z,AI-FinOps-MOCK,github.orgs.copilot.billing.seats,2026-08-25,batch-2026-09-04,MOCK
2026-08-25,sam-chen,86211158,2026-06-01T00:00:00Z,,,enterprise,,2026-09-04T18:00:00Z,AI-FinOps-MOCK,github.orgs.copilot.billing.seats,2026-08-25,batch-2026-09-04,MOCK
2026-08-25,robin-hale,61547237,2026-06-01T00:00:00Z,2026-08-25T14:00:00Z,visualstudio,enterprise,,2026-09-04T18:00:00Z,AI-FinOps-MOCK,github.orgs.copilot.billing.seats,2026-08-25,batch-2026-09-04,MOCK
2026-08-25,lee-novak,59626499,2026-06-01T00:00:00Z,,,enterprise,,2026-09-04T18:00:00Z,AI-FinOps-MOCK,github.orgs.copilot.billing.seats,2026-08-25,batch-2026-09-04,MOCK
2026-08-25,kim-arroyo,30027017,2026-06-01T00:00:00Z,2026-08-25T14:00:00Z,jetbrains,enterprise,,2026-09-04T18:00:00Z,AI-FinOps-MOCK,github.orgs.copilot.billing.seats,2026-08-25,batch-2026-09-04,MOCK
2026-08-24,aisha-rahman,39005316,2026-06-01T00:00:00Z,2026-08-24T14:00:00Z,vscode,enterprise,,2026-09-04T18:00:00Z,AI-FinOps-MOCK,github.orgs.copilot.billing.seats,2026-08-24,batch-2026-09-04,MOCK
2026-08-24,marco-silva,28229179,2026-06-01T00:00:00Z,,,enterprise,,2026-09-04T18:00:00Z,AI-FinOps-MOCK,github.orgs.copilot.billing.seats,2026-08-24,batch-2026-09-04,MOCK
2026-08-24,jenny-oyelaran,95141661,2026-06-01T00:00:00Z,,,enterprise,,2026-09-04T18:00:00Z,AI-FinOps-MOCK,github.orgs.copilot.billing.seats,2026-08-24,batch-2026-09-04,MOCK
2026-08-24,dev-patel,76731252,2026-06-01T00:00:00Z,2026-08-24T14:00:00Z,vscode,enterprise,,2026-09-04T18:00:00Z,AI-FinOps-MOCK,github.orgs.copilot.billing.seats,2026-08-24,batch-2026-09-04,MOCK
2026-08-24,sam-chen,86211158,2026-06-01T00:00:00Z,2026-08-24T14:00:00Z,vscode,enterprise,,2026-09-04T18:00:00Z,AI-FinOps-MOCK,github.orgs.copilot.billing.seats,2026-08-24,batch-2026-09-04,MOCK
2026-08-24,robin-hale,61547237,2026-06-01T00:00:00Z,2026-08-24T14:00:00Z,visualstudio,enterprise,,2026-09-04T18:00:00Z,AI-FinOps-MOCK,github.orgs.copilot.billing.seats,2026-08-24,batch-2026-09-04,MOCK
2026-08-24,lee-novak,59626499,2026-06-01T00:00:00Z,2026-08-24T14:00:00Z,jetbrains,enterprise,,2026-09-04T18:00:00Z,AI-FinOps-MOCK,github.orgs.copilot.billing.seats,2026-08-24,batch-2026-09-04,MOCK
2026-08-24,kim-arroyo,30027017,2026-06-01T00:00:00Z,,,enterprise,,2026-09-04T18:00:00Z,AI-FinOps-MOCK,github.orgs.copilot.billing.seats,2026-08-24,batch-2026-09-04,MOCK
2026-08-23,aisha-rahman,39005316,2026-06-01T00:00:00Z,2026-08-23T14:00:00Z,visualstudio,enterprise,,2026-09-04T18:00:00Z,AI-FinOps-MOCK,github.orgs.copilot.billing.seats,2026-08-23,batch-2026-09-04,MOCK
2026-08-23,marco-silva,28229179,2026-06-01T00:00:00Z,,,enterprise,,2026-09-04T18:00:00Z,AI-FinOps-MOCK,github.orgs.copilot.billing.seats,2026-08-23,batch-2026-09-04,MOCK
2026-08-23,jenny-oyelaran,95141661,2026-06-01T00:00:00Z,2026-08-23T14:00:00Z,visualstudio,enterprise,,2026-09-04T18:00:00Z,AI-FinOps-MOCK,github.orgs.copilot.billing.seats,2026-08-23,batch-2026-09-04,MOCK
2026-08-23,dev-patel,76731252,2026-06-01T00:00:00Z,,,enterprise,,2026-09-04T18:00:00Z,AI-FinOps-MOCK,github.orgs.copilot.billing.seats,2026-08-23,batch-2026-09-04,MOCK
2026-08-23,sam-chen,86211158,2026-06-01T00:00:00Z,,,enterprise,,2026-09-04T18:00:00Z,AI-FinOps-MOCK,github.orgs.copilot.billing.seats,2026-08-23,batch-2026-09-04,MOCK
2026-08-23,robin-hale,61547237,2026-06-01T00:00:00Z,2026-08-23T14:00:00Z,visualstudio,enterprise,,2026-09-04T18:00:00Z,AI-FinOps-MOCK,github.orgs.copilot.billing.seats,2026-08-23,batch-2026-09-04,MOCK
2026-08-23,lee-novak,59626499,2026-06-01T00:00:00Z,,,enterprise,,2026-09-04T18:00:00Z,AI-FinOps-MOCK,github.orgs.copilot.billing.seats,2026-08-23,batch-2026-09-04,MOCK
2026-08-23,kim-arroyo,30027017,2026-06-01T00:00:00Z,,,enterprise,,2026-09-04T18:00:00Z,AI-FinOps-MOCK,github.orgs.copilot.billing.seats,2026-08-23,batch-2026-09-04,MOCK
2026-08-22,aisha-rahman,39005316,2026-06-01T00:00:00Z,,,enterprise,,2026-09-04T18:00:00Z,AI-FinOps-MOCK,github.orgs.copilot.billing.seats,2026-08-22,batch-2026-09-04,MOCK
2026-08-22,marco-silva,28229179,2026-06-01T00:00:00Z,2026-08-22T14:00:00Z,jetbrains,enterprise,,2026-09-04T18:00:00Z,AI-FinOps-MOCK,github.orgs.copilot.billing.seats,2026-08-22,batch-2026-09-04,MOCK
2026-08-22,jenny-oyelaran,95141661,2026-06-01T00:00:00Z,,,enterprise,,2026-09-04T18:00:00Z,AI-FinOps-MOCK,github.orgs.copilot.billing.seats,2026-08-22,batch-2026-09-04,MOCK
2026-08-22,dev-patel,76731252,2026-06-01T00:00:00Z,2026-08-22T14:00:00Z,jetbrains,enterprise,,2026-09-04T18:00:00Z,AI-FinOps-MOCK,github.orgs.copilot.billing.seats,2026-08-22,batch-2026-09-04,MOCK
2026-08-22,sam-chen,86211158,2026-06-01T00:00:00Z,2026-08-22T14:00:00Z,jetbrains,enterprise,,2026-09-04T18:00:00Z,AI-FinOps-MOCK,github.orgs.copilot.billing.seats,2026-08-22,batch-2026-09-04,MOCK
2026-08-22,robin-hale,61547237,2026-06-01T00:00:00Z,,,enterprise,,2026-09-04T18:00:00Z,AI-FinOps-MOCK,github.orgs.copilot.billing.seats,2026-08-22,batch-2026-09-04,MOCK
2026-08-22,lee-novak,59626499,2026-06-01T00:00:00Z,,,enterprise,,2026-09-04T18:00:00Z,AI-FinOps-MOCK,github.orgs.copilot.billing.seats,2026-08-22,batch-2026-09-04,MOCK
2026-08-22,kim-arroyo,30027017,2026-06-01T00:00:00Z,2026-08-22T14:00:00Z,jetbrains,enterprise,,2026-09-04T18:00:00Z,AI-FinOps-MOCK,github.orgs.copilot.billing.seats,2026-08-22,batch-2026-09-04,MOCK
2026-08-21,aisha-rahman,39005316,2026-06-01T00:00:00Z,2026-08-21T14:00:00Z,jetbrains,enterprise,,2026-09-04T18:00:00Z,AI-FinOps-MOCK,github.orgs.copilot.billing.seats,2026-08-21,batch-2026-09-04,MOCK
2026-08-21,marco-silva,28229179,2026-06-01T00:00:00Z,2026-08-21T14:00:00Z,visualstudio,enterprise,,2026-09-04T18:00:00Z,AI-FinOps-MOCK,github.orgs.copilot.billing.seats,2026-08-21,batch-2026-09-04,MOCK
2026-08-21,jenny-oyelaran,95141661,2026-06-01T00:00:00Z,2026-08-21T14:00:00Z,vscode,enterprise,,2026-09-04T18:00:00Z,AI-FinOps-MOCK,github.orgs.copilot.billing.seats,2026-08-21,batch-2026-09-04,MOCK
2026-08-21,dev-patel,76731252,2026-06-01T00:00:00Z,2026-08-21T14:00:00Z,vscode,enterprise,,2026-09-04T18:00:00Z,AI-FinOps-MOCK,github.orgs.copilot.billing.seats,2026-08-21,batch-2026-09-04,MOCK
2026-08-21,sam-chen,86211158,2026-06-01T00:00:00Z,2026-08-21T14:00:00Z,jetbrains,enterprise,,2026-09-04T18:00:00Z,AI-FinOps-MOCK,github.orgs.copilot.billing.seats,2026-08-21,batch-2026-09-04,MOCK
2026-08-21,robin-hale,61547237,2026-06-01T00:00:00Z,,,enterprise,,2026-09-04T18:00:00Z,AI-FinOps-MOCK,github.orgs.copilot.billing.seats,2026-08-21,batch-2026-09-04,MOCK
2026-08-21,lee-novak,59626499,2026-06-01T00:00:00Z,2026-08-21T14:00:00Z,jetbrains,enterprise,,2026-09-04T18:00:00Z,AI-FinOps-MOCK,github.orgs.copilot.billing.seats,2026-08-21,batch-2026-09-04,MOCK
2026-08-21,kim-arroyo,30027017,2026-06-01T00:00:00Z,2026-08-21T14:00:00Z,jetbrains,enterprise,,2026-09-04T18:00:00Z,AI-FinOps-MOCK,github.orgs.copilot.billing.seats,2026-08-21,batch-2026-09-04,MOCK
2026-08-20,aisha-rahman,39005316,2026-06-01T00:00:00Z,2026-08-20T14:00:00Z,vscode,enterprise,,2026-09-04T18:00:00Z,AI-FinOps-MOCK,github.orgs.copilot.billing.seats,2026-08-20,batch-2026-09-04,MOCK
2026-08-20,marco-silva,28229179,2026-06-01T00:00:00Z,,,enterprise,,2026-09-04T18:00:00Z,AI-FinOps-MOCK,github.orgs.copilot.billing.seats,2026-08-20,batch-2026-09-04,MOCK
2026-08-20,jenny-oyelaran,95141661,2026-06-01T00:00:00Z,2026-08-20T14:00:00Z,vscode,enterprise,,2026-09-04T18:00:00Z,AI-FinOps-MOCK,github.orgs.copilot.billing.seats,2026-08-20,batch-2026-09-04,MOCK
2026-08-20,dev-patel,76731252,2026-06-01T00:00:00Z,2026-08-20T14:00:00Z,vscode,enterprise,,2026-09-04T18:00:00Z,AI-FinOps-MOCK,github.orgs.copilot.billing.seats,2026-08-20,batch-2026-09-04,MOCK
2026-08-20,sam-chen,86211158,2026-06-01T00:00:00Z,2026-08-20T14:00:00Z,vscode,enterprise,,2026-09-04T18:00:00Z,AI-FinOps-MOCK,github.orgs.copilot.billing.seats,2026-08-20,batch-2026-09-04,MOCK
2026-08-20,robin-hale,61547237,2026-06-01T00:00:00Z,,,enterprise,,2026-09-04T18:00:00Z,AI-FinOps-MOCK,github.orgs.copilot.billing.seats,2026-08-20,batch-2026-09-04,MOCK
2026-08-20,lee-novak,59626499,2026-06-01T00:00:00Z,2026-08-20T14:00:00Z,jetbrains,enterprise,,2026-09-04T18:00:00Z,AI-FinOps-MOCK,github.orgs.copilot.billing.seats,2026-08-20,batch-2026-09-04,MOCK
2026-08-20,kim-arroyo,30027017,2026-06-01T00:00:00Z,2026-08-20T14:00:00Z,jetbrains,enterprise,,2026-09-04T18:00:00Z,AI-FinOps-MOCK,github.orgs.copilot.billing.seats,2026-08-20,batch-2026-09-04,MOCK
2026-08-19,aisha-rahman,39005316,2026-06-01T00:00:00Z,,,enterprise,,2026-09-04T18:00:00Z,AI-FinOps-MOCK,github.orgs.copilot.billing.seats,2026-08-19,batch-2026-09-04,MOCK
2026-08-19,marco-silva,28229179,2026-06-01T00:00:00Z,2026-08-19T14:00:00Z,visualstudio,enterprise,,2026-09-04T18:00:00Z,AI-FinOps-MOCK,github.orgs.copilot.billing.seats,2026-08-19,batch-2026-09-04,MOCK
2026-08-19,jenny-oyelaran,95141661,2026-06-01T00:00:00Z,2026-08-19T14:00:00Z,vscode,enterprise,,2026-09-04T18:00:00Z,AI-FinOps-MOCK,github.orgs.copilot.billing.seats,2026-08-19,batch-2026-09-04,MOCK
2026-08-19,dev-patel,76731252,2026-06-01T00:00:00Z,,,enterprise,,2026-09-04T18:00:00Z,AI-FinOps-MOCK,github.orgs.copilot.billing.seats,2026-08-19,batch-2026-09-04,MOCK
2026-08-19,sam-chen,86211158,2026-06-01T00:00:00Z,2026-08-19T14:00:00Z,jetbrains,enterprise,,2026-09-04T18:00:00Z,AI-FinOps-MOCK,github.orgs.copilot.billing.seats,2026-08-19,batch-2026-09-04,MOCK
2026-08-19,robin-hale,61547237,2026-06-01T00:00:00Z,2026-08-19T14:00:00Z,visualstudio,enterprise,,2026-09-04T18:00:00Z,AI-FinOps-MOCK,github.orgs.copilot.billing.seats,2026-08-19,batch-2026-09-04,MOCK
2026-08-19,lee-novak,59626499,2026-06-01T00:00:00Z,2026-08-19T14:00:00Z,vscode,enterprise,,2026-09-04T18:00:00Z,AI-FinOps-MOCK,github.orgs.copilot.billing.seats,2026-08-19,batch-2026-09-04,MOCK
2026-08-19,kim-arroyo,30027017,2026-06-01T00:00:00Z,2026-08-19T14:00:00Z,jetbrains,enterprise,,2026-09-04T18:00:00Z,AI-FinOps-MOCK,github.orgs.copilot.billing.seats,2026-08-19,batch-2026-09-04,MOCK
2026-08-18,aisha-rahman,39005316,2026-06-01T00:00:00Z,2026-08-18T14:00:00Z,visualstudio,enterprise,,2026-09-04T18:00:00Z,AI-FinOps-MOCK,github.orgs.copilot.billing.seats,2026-08-18,batch-2026-09-04,MOCK
2026-08-18,marco-silva,28229179,2026-06-01T00:00:00Z,,,enterprise,,2026-09-04T18:00:00Z,AI-FinOps-MOCK,github.orgs.copilot.billing.seats,2026-08-18,batch-2026-09-04,MOCK
2026-08-18,jenny-oyelaran,95141661,2026-06-01T00:00:00Z,,,enterprise,,2026-09-04T18:00:00Z,AI-FinOps-MOCK,github.orgs.copilot.billing.seats,2026-08-18,batch-2026-09-04,MOCK
2026-08-18,dev-patel,76731252,2026-06-01T00:00:00Z,2026-08-18T14:00:00Z,jetbrains,enterprise,,2026-09-04T18:00:00Z,AI-FinOps-MOCK,github.orgs.copilot.billing.seats,2026-08-18,batch-2026-09-04,MOCK
2026-08-18,sam-chen,86211158,2026-06-01T00:00:00Z,2026-08-18T14:00:00Z,vscode,enterprise,,2026-09-04T18:00:00Z,AI-FinOps-MOCK,github.orgs.copilot.billing.seats,2026-08-18,batch-2026-09-04,MOCK
2026-08-18,robin-hale,61547237,2026-06-01T00:00:00Z,2026-08-18T14:00:00Z,jetbrains,enterprise,,2026-09-04T18:00:00Z,AI-FinOps-MOCK,github.orgs.copilot.billing.seats,2026-08-18,batch-2026-09-04,MOCK
2026-08-18,lee-novak,59626499,2026-06-01T00:00:00Z,2026-08-18T14:00:00Z,visualstudio,enterprise,,2026-09-04T18:00:00Z,AI-FinOps-MOCK,github.orgs.copilot.billing.seats,2026-08-18,batch-2026-09-04,MOCK
2026-08-18,kim-arroyo,30027017,2026-06-01T00:00:00Z,2026-08-18T14:00:00Z,visualstudio,enterprise,,2026-09-04T18:00:00Z,AI-FinOps-MOCK,github.orgs.copilot.billing.seats,2026-08-18,batch-2026-09-04,MOCK
2026-08-17,aisha-rahman,39005316,2026-06-01T00:00:00Z,2026-08-17T14:00:00Z,visualstudio,enterprise,,2026-09-04T18:00:00Z,AI-FinOps-MOCK,github.orgs.copilot.billing.seats,2026-08-17,batch-2026-09-04,MOCK
2026-08-17,marco-silva,28229179,2026-06-01T00:00:00Z,2026-08-17T14:00:00Z,visualstudio,enterprise,,2026-09-04T18:00:00Z,AI-FinOps-MOCK,github.orgs.copilot.billing.seats,2026-08-17,batch-2026-09-04,MOCK
2026-08-17,jenny-oyelaran,95141661,2026-06-01T00:00:00Z,2026-08-17T14:00:00Z,visualstudio,enterprise,,2026-09-04T18:00:00Z,AI-FinOps-MOCK,github.orgs.copilot.billing.seats,2026-08-17,batch-2026-09-04,MOCK
2026-08-17,dev-patel,76731252,2026-06-01T00:00:00Z,,,enterprise,,2026-09-04T18:00:00Z,AI-FinOps-MOCK,github.orgs.copilot.billing.seats,2026-08-17,batch-2026-09-04,MOCK
2026-08-17,sam-chen,86211158,2026-06-01T00:00:00Z,,,enterprise,,2026-09-04T18:00:00Z,AI-FinOps-MOCK,github.orgs.copilot.billing.seats,2026-08-17,batch-2026-09-04,MOCK
2026-08-17,robin-hale,61547237,2026-06-01T00:00:00Z,,,enterprise,,2026-09-04T18:00:00Z,AI-FinOps-MOCK,github.orgs.copilot.billing.seats,2026-08-17,batch-2026-09-04,MOCK
2026-08-17,lee-novak,59626499,2026-06-01T00:00:00Z,2026-08-17T14:00:00Z,jetbrains,enterprise,,2026-09-04T18:00:00Z,AI-FinOps-MOCK,github.orgs.copilot.billing.seats,2026-08-17,batch-2026-09-04,MOCK
2026-08-17,kim-arroyo,30027017,2026-06-01T00:00:00Z,2026-08-17T14:00:00Z,visualstudio,enterprise,,2026-09-04T18:00:00Z,AI-FinOps-MOCK,github.orgs.copilot.billing.seats,2026-08-17,batch-2026-09-04,MOCK
2026-08-16,aisha-rahman,39005316,2026-06-01T00:00:00Z,2026-08-16T14:00:00Z,visualstudio,enterprise,,2026-09-04T18:00:00Z,AI-FinOps-MOCK,github.orgs.copilot.billing.seats,2026-08-16,batch-2026-09-04,MOCK
2026-08-16,marco-silva,28229179,2026-06-01T00:00:00Z,2026-08-16T14:00:00Z,vscode,enterprise,,2026-09-04T18:00:00Z,AI-FinOps-MOCK,github.orgs.copilot.billing.seats,2026-08-16,batch-2026-09-04,MOCK
2026-08-16,jenny-oyelaran,95141661,2026-06-01T00:00:00Z,2026-08-16T14:00:00Z,visualstudio,enterprise,,2026-09-04T18:00:00Z,AI-FinOps-MOCK,github.orgs.copilot.billing.seats,2026-08-16,batch-2026-09-04,MOCK
2026-08-16,dev-patel,76731252,2026-06-01T00:00:00Z,2026-08-16T14:00:00Z,vscode,enterprise,,2026-09-04T18:00:00Z,AI-FinOps-MOCK,github.orgs.copilot.billing.seats,2026-08-16,batch-2026-09-04,MOCK
2026-08-16,sam-chen,86211158,2026-06-01T00:00:00Z,2026-08-16T14:00:00Z,visualstudio,enterprise,,2026-09-04T18:00:00Z,AI-FinOps-MOCK,github.orgs.copilot.billing.seats,2026-08-16,batch-2026-09-04,MOCK
2026-08-16,robin-hale,61547237,2026-06-01T00:00:00Z,2026-08-16T14:00:00Z,visualstudio,enterprise,,2026-09-04T18:00:00Z,AI-FinOps-MOCK,github.orgs.copilot.billing.seats,2026-08-16,batch-2026-09-04,MOCK
2026-08-16,lee-novak,59626499,2026-06-01T00:00:00Z,2026-08-16T14:00:00Z,jetbrains,enterprise,,2026-09-04T18:00:00Z,AI-FinOps-MOCK,github.orgs.copilot.billing.seats,2026-08-16,batch-2026-09-04,MOCK
2026-08-16,kim-arroyo,30027017,2026-06-01T00:00:00Z,,,enterprise,,2026-09-04T18:00:00Z,AI-FinOps-MOCK,github.orgs.copilot.billing.seats,2026-08-16,batch-2026-09-04,MOCK
2026-08-15,aisha-rahman,39005316,2026-06-01T00:00:00Z,2026-08-15T14:00:00Z,vscode,enterprise,,2026-09-04T18:00:00Z,AI-FinOps-MOCK,github.orgs.copilot.billing.seats,2026-08-15,batch-2026-09-04,MOCK
2026-08-15,marco-silva,28229179,2026-06-01T00:00:00Z,2026-08-15T14:00:00Z,jetbrains,enterprise,,2026-09-04T18:00:00Z,AI-FinOps-MOCK,github.orgs.copilot.billing.seats,2026-08-15,batch-2026-09-04,MOCK
2026-08-15,jenny-oyelaran,95141661,2026-06-01T00:00:00Z,2026-08-15T14:00:00Z,visualstudio,enterprise,,2026-09-04T18:00:00Z,AI-FinOps-MOCK,github.orgs.copilot.billing.seats,2026-08-15,batch-2026-09-04,MOCK
2026-08-15,dev-patel,76731252,2026-06-01T00:00:00Z,,,enterprise,,2026-09-04T18:00:00Z,AI-FinOps-MOCK,github.orgs.copilot.billing.seats,2026-08-15,batch-2026-09-04,MOCK
2026-08-15,sam-chen,86211158,2026-06-01T00:00:00Z,2026-08-15T14:00:00Z,jetbrains,enterprise,,2026-09-04T18:00:00Z,AI-FinOps-MOCK,github.orgs.copilot.billing.seats,2026-08-15,batch-2026-09-04,MOCK
2026-08-15,robin-hale,61547237,2026-06-01T00:00:00Z,,,enterprise,,2026-09-04T18:00:00Z,AI-FinOps-MOCK,github.orgs.copilot.billing.seats,2026-08-15,batch-2026-09-04,MOCK
2026-08-15,lee-novak,59626499,2026-06-01T00:00:00Z,2026-08-15T14:00:00Z,visualstudio,enterprise,,2026-09-04T18:00:00Z,AI-FinOps-MOCK,github.orgs.copilot.billing.seats,2026-08-15,batch-2026-09-04,MOCK
2026-08-15,kim-arroyo,30027017,2026-06-01T00:00:00Z,2026-08-15T14:00:00Z,jetbrains,enterprise,,2026-09-04T18:00:00Z,AI-FinOps-MOCK,github.orgs.copilot.billing.seats,2026-08-15,batch-2026-09-04,MOCK
2026-08-14,aisha-rahman,39005316,2026-06-01T00:00:00Z,2026-08-14T14:00:00Z,vscode,enterprise,,2026-09-04T18:00:00Z,AI-FinOps-MOCK,github.orgs.copilot.billing.seats,2026-08-14,batch-2026-09-04,MOCK
2026-08-14,marco-silva,28229179,2026-06-01T00:00:00Z,2026-08-14T14:00:00Z,vscode,enterprise,,2026-09-04T18:00:00Z,AI-FinOps-MOCK,github.orgs.copilot.billing.seats,2026-08-14,batch-2026-09-04,MOCK
2026-08-14,jenny-oyelaran,95141661,2026-06-01T00:00:00Z,,,enterprise,,2026-09-04T18:00:00Z,AI-FinOps-MOCK,github.orgs.copilot.billing.seats,2026-08-14,batch-2026-09-04,MOCK
2026-08-14,dev-patel,76731252,2026-06-01T00:00:00Z,2026-08-14T14:00:00Z,visualstudio,enterprise,,2026-09-04T18:00:00Z,AI-FinOps-MOCK,github.orgs.copilot.billing.seats,2026-08-14,batch-2026-09-04,MOCK
2026-08-14,sam-chen,86211158,2026-06-01T00:00:00Z,,,enterprise,,2026-09-04T18:00:00Z,AI-FinOps-MOCK,github.orgs.copilot.billing.seats,2026-08-14,batch-2026-09-04,MOCK
2026-08-14,robin-hale,61547237,2026-06-01T00:00:00Z,2026-08-14T14:00:00Z,jetbrains,enterprise,,2026-09-04T18:00:00Z,AI-FinOps-MOCK,github.orgs.copilot.billing.seats,2026-08-14,batch-2026-09-04,MOCK
2026-08-14,lee-novak,59626499,2026-06-01T00:00:00Z,,,enterprise,,2026-09-04T18:00:00Z,AI-FinOps-MOCK,github.orgs.copilot.billing.seats,2026-08-14,batch-2026-09-04,MOCK
2026-08-14,kim-arroyo,30027017,2026-06-01T00:00:00Z,,,enterprise,,2026-09-04T18:00:00Z,AI-FinOps-MOCK,github.orgs.copilot.billing.seats,2026-08-14,batch-2026-09-04,MOCK
2026-08-13,aisha-rahman,39005316,2026-06-01T00:00:00Z,2026-08-13T14:00:00Z,vscode,enterprise,,2026-09-04T18:00:00Z,AI-FinOps-MOCK,github.orgs.copilot.billing.seats,2026-08-13,batch-2026-09-04,MOCK
2026-08-13,marco-silva,28229179,2026-06-01T00:00:00Z,,,enterprise,,2026-09-04T18:00:00Z,AI-FinOps-MOCK,github.orgs.copilot.billing.seats,2026-08-13,batch-2026-09-04,MOCK
2026-08-13,jenny-oyelaran,95141661,2026-06-01T00:00:00Z,2026-08-13T14:00:00Z,visualstudio,enterprise,,2026-09-04T18:00:00Z,AI-FinOps-MOCK,github.orgs.copilot.billing.seats,2026-08-13,batch-2026-09-04,MOCK
2026-08-13,dev-patel,76731252,2026-06-01T00:00:00Z,2026-08-13T14:00:00Z,visualstudio,enterprise,,2026-09-04T18:00:00Z,AI-FinOps-MOCK,github.orgs.copilot.billing.seats,2026-08-13,batch-2026-09-04,MOCK
2026-08-13,sam-chen,86211158,2026-06-01T00:00:00Z,2026-08-13T14:00:00Z,visualstudio,enterprise,,2026-09-04T18:00:00Z,AI-FinOps-MOCK,github.orgs.copilot.billing.seats,2026-08-13,batch-2026-09-04,MOCK
2026-08-13,robin-hale,61547237,2026-06-01T00:00:00Z,2026-08-13T14:00:00Z,jetbrains,enterprise,,2026-09-04T18:00:00Z,AI-FinOps-MOCK,github.orgs.copilot.billing.seats,2026-08-13,batch-2026-09-04,MOCK
2026-08-13,lee-novak,59626499,2026-06-01T00:00:00Z,2026-08-13T14:00:00Z,jetbrains,enterprise,,2026-09-04T18:00:00Z,AI-FinOps-MOCK,github.orgs.copilot.billing.seats,2026-08-13,batch-2026-09-04,MOCK
2026-08-13,kim-arroyo,30027017,2026-06-01T00:00:00Z,,,enterprise,,2026-09-04T18:00:00Z,AI-FinOps-MOCK,github.orgs.copilot.billing.seats,2026-08-13,batch-2026-09-04,MOCK
2026-08-12,aisha-rahman,39005316,2026-06-01T00:00:00Z,2026-08-12T14:00:00Z,jetbrains,enterprise,,2026-09-04T18:00:00Z,AI-FinOps-MOCK,github.orgs.copilot.billing.seats,2026-08-12,batch-2026-09-04,MOCK
2026-08-12,marco-silva,28229179,2026-06-01T00:00:00Z,2026-08-12T14:00:00Z,visualstudio,enterprise,,2026-09-04T18:00:00Z,AI-FinOps-MOCK,github.orgs.copilot.billing.seats,2026-08-12,batch-2026-09-04,MOCK
2026-08-12,jenny-oyelaran,95141661,2026-06-01T00:00:00Z,2026-08-12T14:00:00Z,visualstudio,enterprise,,2026-09-04T18:00:00Z,AI-FinOps-MOCK,github.orgs.copilot.billing.seats,2026-08-12,batch-2026-09-04,MOCK
2026-08-12,dev-patel,76731252,2026-06-01T00:00:00Z,2026-08-12T14:00:00Z,visualstudio,enterprise,,2026-09-04T18:00:00Z,AI-FinOps-MOCK,github.orgs.copilot.billing.seats,2026-08-12,batch-2026-09-04,MOCK
2026-08-12,sam-chen,86211158,2026-06-01T00:00:00Z,2026-08-12T14:00:00Z,jetbrains,enterprise,,2026-09-04T18:00:00Z,AI-FinOps-MOCK,github.orgs.copilot.billing.seats,2026-08-12,batch-2026-09-04,MOCK
2026-08-12,robin-hale,61547237,2026-06-01T00:00:00Z,,,enterprise,,2026-09-04T18:00:00Z,AI-FinOps-MOCK,github.orgs.copilot.billing.seats,2026-08-12,batch-2026-09-04,MOCK
2026-08-12,lee-novak,59626499,2026-06-01T00:00:00Z,,,enterprise,,2026-09-04T18:00:00Z,AI-FinOps-MOCK,github.orgs.copilot.billing.seats,2026-08-12,batch-2026-09-04,MOCK
2026-08-12,kim-arroyo,30027017,2026-06-01T00:00:00Z,,,enterprise,,2026-09-04T18:00:00Z,AI-FinOps-MOCK,github.orgs.copilot.billing.seats,2026-08-12,batch-2026-09-04,MOCK
2026-08-11,aisha-rahman,39005316,2026-06-01T00:00:00Z,2026-08-11T14:00:00Z,vscode,enterprise,,2026-09-04T18:00:00Z,AI-FinOps-MOCK,github.orgs.copilot.billing.seats,2026-08-11,batch-2026-09-04,MOCK
2026-08-11,marco-silva,28229179,2026-06-01T00:00:00Z,2026-08-11T14:00:00Z,jetbrains,enterprise,,2026-09-04T18:00:00Z,AI-FinOps-MOCK,github.orgs.copilot.billing.seats,2026-08-11,batch-2026-09-04,MOCK
2026-08-11,jenny-oyelaran,95141661,2026-06-01T00:00:00Z,,,enterprise,,2026-09-04T18:00:00Z,AI-FinOps-MOCK,github.orgs.copilot.billing.seats,2026-08-11,batch-2026-09-04,MOCK
2026-08-11,dev-patel,76731252,2026-06-01T00:00:00Z,,,enterprise,,2026-09-04T18:00:00Z,AI-FinOps-MOCK,github.orgs.copilot.billing.seats,2026-08-11,batch-2026-09-04,MOCK
2026-08-11,sam-chen,86211158,2026-06-01T00:00:00Z,2026-08-11T14:00:00Z,jetbrains,enterprise,,2026-09-04T18:00:00Z,AI-FinOps-MOCK,github.orgs.copilot.billing.seats,2026-08-11,batch-2026-09-04,MOCK
2026-08-11,robin-hale,61547237,2026-06-01T00:00:00Z,,,enterprise,,2026-09-04T18:00:00Z,AI-FinOps-MOCK,github.orgs.copilot.billing.seats,2026-08-11,batch-2026-09-04,MOCK
2026-08-11,lee-novak,59626499,2026-06-01T00:00:00Z,2026-08-11T14:00:00Z,jetbrains,enterprise,,2026-09-04T18:00:00Z,AI-FinOps-MOCK,github.orgs.copilot.billing.seats,2026-08-11,batch-2026-09-04,MOCK
2026-08-11,kim-arroyo,30027017,2026-06-01T00:00:00Z,,,enterprise,,2026-09-04T18:00:00Z,AI-FinOps-MOCK,github.orgs.copilot.billing.seats,2026-08-11,batch-2026-09-04,MOCK
2026-08-10,aisha-rahman,39005316,2026-06-01T00:00:00Z,2026-08-10T14:00:00Z,jetbrains,enterprise,,2026-09-04T18:00:00Z,AI-FinOps-MOCK,github.orgs.copilot.billing.seats,2026-08-10,batch-2026-09-04,MOCK
2026-08-10,marco-silva,28229179,2026-06-01T00:00:00Z,,,enterprise,,2026-09-04T18:00:00Z,AI-FinOps-MOCK,github.orgs.copilot.billing.seats,2026-08-10,batch-2026-09-04,MOCK
2026-08-10,jenny-oyelaran,95141661,2026-06-01T00:00:00Z,2026-08-10T14:00:00Z,vscode,enterprise,,2026-09-04T18:00:00Z,AI-FinOps-MOCK,github.orgs.copilot.billing.seats,2026-08-10,batch-2026-09-04,MOCK
2026-08-10,dev-patel,76731252,2026-06-01T00:00:00Z,,,enterprise,,2026-09-04T18:00:00Z,AI-FinOps-MOCK,github.orgs.copilot.billing.seats,2026-08-10,batch-2026-09-04,MOCK
2026-08-10,sam-chen,86211158,2026-06-01T00:00:00Z,2026-08-10T14:00:00Z,visualstudio,enterprise,,2026-09-04T18:00:00Z,AI-FinOps-MOCK,github.orgs.copilot.billing.seats,2026-08-10,batch-2026-09-04,MOCK
2026-08-10,robin-hale,61547237,2026-06-01T00:00:00Z,2026-08-10T14:00:00Z,jetbrains,enterprise,,2026-09-04T18:00:00Z,AI-FinOps-MOCK,github.orgs.copilot.billing.seats,2026-08-10,batch-2026-09-04,MOCK
2026-08-10,lee-novak,59626499,2026-06-01T00:00:00Z,2026-08-10T14:00:00Z,visualstudio,enterprise,,2026-09-04T18:00:00Z,AI-FinOps-MOCK,github.orgs.copilot.billing.seats,2026-08-10,batch-2026-09-04,MOCK
2026-08-10,kim-arroyo,30027017,2026-06-01T00:00:00Z,2026-08-10T14:00:00Z,visualstudio,enterprise,,2026-09-04T18:00:00Z,AI-FinOps-MOCK,github.orgs.copilot.billing.seats,2026-08-10,batch-2026-09-04,MOCK
2026-08-09,aisha-rahman,39005316,2026-06-01T00:00:00Z,2026-08-09T14:00:00Z,vscode,enterprise,,2026-09-04T18:00:00Z,AI-FinOps-MOCK,github.orgs.copilot.billing.seats,2026-08-09,batch-2026-09-04,MOCK
2026-08-09,marco-silva,28229179,2026-06-01T00:00:00Z,2026-08-09T14:00:00Z,jetbrains,enterprise,,2026-09-04T18:00:00Z,AI-FinOps-MOCK,github.orgs.copilot.billing.seats,2026-08-09,batch-2026-09-04,MOCK
2026-08-09,jenny-oyelaran,95141661,2026-06-01T00:00:00Z,2026-08-09T14:00:00Z,jetbrains,enterprise,,2026-09-04T18:00:00Z,AI-FinOps-MOCK,github.orgs.copilot.billing.seats,2026-08-09,batch-2026-09-04,MOCK
2026-08-09,dev-patel,76731252,2026-06-01T00:00:00Z,2026-08-09T14:00:00Z,vscode,enterprise,,2026-09-04T18:00:00Z,AI-FinOps-MOCK,github.orgs.copilot.billing.seats,2026-08-09,batch-2026-09-04,MOCK
2026-08-09,sam-chen,86211158,2026-06-01T00:00:00Z,,,enterprise,,2026-09-04T18:00:00Z,AI-FinOps-MOCK,github.orgs.copilot.billing.seats,2026-08-09,batch-2026-09-04,MOCK
2026-08-09,robin-hale,61547237,2026-06-01T00:00:00Z,2026-08-09T14:00:00Z,visualstudio,enterprise,,2026-09-04T18:00:00Z,AI-FinOps-MOCK,github.orgs.copilot.billing.seats,2026-08-09,batch-2026-09-04,MOCK
2026-08-09,lee-novak,59626499,2026-06-01T00:00:00Z,2026-08-09T14:00:00Z,jetbrains,enterprise,,2026-09-04T18:00:00Z,AI-FinOps-MOCK,github.orgs.copilot.billing.seats,2026-08-09,batch-2026-09-04,MOCK
2026-08-09,kim-arroyo,30027017,2026-06-01T00:00:00Z,2026-08-09T14:00:00Z,visualstudio,enterprise,,2026-09-04T18:00:00Z,AI-FinOps-MOCK,github.orgs.copilot.billing.seats,2026-08-09,batch-2026-09-04,MOCK
2026-08-08,aisha-rahman,39005316,2026-06-01T00:00:00Z,2026-08-08T14:00:00Z,visualstudio,enterprise,,2026-09-04T18:00:00Z,AI-FinOps-MOCK,github.orgs.copilot.billing.seats,2026-08-08,batch-2026-09-04,MOCK
2026-08-08,marco-silva,28229179,2026-06-01T00:00:00Z,,,enterprise,,2026-09-04T18:00:00Z,AI-FinOps-MOCK,github.orgs.copilot.billing.seats,2026-08-08,batch-2026-09-04,MOCK
2026-08-08,jenny-oyelaran,95141661,2026-06-01T00:00:00Z,2026-08-08T14:00:00Z,jetbrains,enterprise,,2026-09-04T18:00:00Z,AI-FinOps-MOCK,github.orgs.copilot.billing.seats,2026-08-08,batch-2026-09-04,MOCK
2026-08-08,dev-patel,76731252,2026-06-01T00:00:00Z,2026-08-08T14:00:00Z,visualstudio,enterprise,,2026-09-04T18:00:00Z,AI-FinOps-MOCK,github.orgs.copilot.billing.seats,2026-08-08,batch-2026-09-04,MOCK
2026-08-08,sam-chen,86211158,2026-06-01T00:00:00Z,,,enterprise,,2026-09-04T18:00:00Z,AI-FinOps-MOCK,github.orgs.copilot.billing.seats,2026-08-08,batch-2026-09-04,MOCK
2026-08-08,robin-hale,61547237,2026-06-01T00:00:00Z,2026-08-08T14:00:00Z,jetbrains,enterprise,,2026-09-04T18:00:00Z,AI-FinOps-MOCK,github.orgs.copilot.billing.seats,2026-08-08,batch-2026-09-04,MOCK
2026-08-08,lee-novak,59626499,2026-06-01T00:00:00Z,,,enterprise,,2026-09-04T18:00:00Z,AI-FinOps-MOCK,github.orgs.copilot.billing.seats,2026-08-08,batch-2026-09-04,MOCK
2026-08-08,kim-arroyo,30027017,2026-06-01T00:00:00Z,,,enterprise,,2026-09-04T18:00:00Z,AI-FinOps-MOCK,github.orgs.copilot.billing.seats,2026-08-08,batch-2026-09-04,MOCK
2026-08-07,aisha-rahman,39005316,2026-06-01T00:00:00Z,2026-08-07T14:00:00Z,vscode,enterprise,,2026-09-04T18:00:00Z,AI-FinOps-MOCK,github.orgs.copilot.billing.seats,2026-08-07,batch-2026-09-04,MOCK
2026-08-07,marco-silva,28229179,2026-06-01T00:00:00Z,2026-08-07T14:00:00Z,jetbrains,enterprise,,2026-09-04T18:00:00Z,AI-FinOps-MOCK,github.orgs.copilot.billing.seats,2026-08-07,batch-2026-09-04,MOCK
2026-08-07,jenny-oyelaran,95141661,2026-06-01T00:00:00Z,2026-08-07T14:00:00Z,visualstudio,enterprise,,2026-09-04T18:00:00Z,AI-FinOps-MOCK,github.orgs.copilot.billing.seats,2026-08-07,batch-2026-09-04,MOCK
2026-08-07,dev-patel,76731252,2026-06-01T00:00:00Z,2026-08-07T14:00:00Z,jetbrains,enterprise,,2026-09-04T18:00:00Z,AI-FinOps-MOCK,github.orgs.copilot.billing.seats,2026-08-07,batch-2026-09-04,MOCK
2026-08-07,sam-chen,86211158,2026-06-01T00:00:00Z,,,enterprise,,2026-09-04T18:00:00Z,AI-FinOps-MOCK,github.orgs.copilot.billing.seats,2026-08-07,batch-2026-09-04,MOCK
2026-08-07,robin-hale,61547237,2026-06-01T00:00:00Z,2026-08-07T14:00:00Z,visualstudio,enterprise,,2026-09-04T18:00:00Z,AI-FinOps-MOCK,github.orgs.copilot.billing.seats,2026-08-07,batch-2026-09-04,MOCK
2026-08-07,lee-novak,59626499,2026-06-01T00:00:00Z,,,enterprise,,2026-09-04T18:00:00Z,AI-FinOps-MOCK,github.orgs.copilot.billing.seats,2026-08-07,batch-2026-09-04,MOCK
2026-08-07,kim-arroyo,30027017,2026-06-01T00:00:00Z,2026-08-07T14:00:00Z,visualstudio,enterprise,,2026-09-04T18:00:00Z,AI-FinOps-MOCK,github.orgs.copilot.billing.seats,2026-08-07,batch-2026-09-04,MOCK
2026-08-06,aisha-rahman,39005316,2026-06-01T00:00:00Z,2026-08-06T14:00:00Z,jetbrains,enterprise,,2026-09-04T18:00:00Z,AI-FinOps-MOCK,github.orgs.copilot.billing.seats,2026-08-06,batch-2026-09-04,MOCK
2026-08-06,marco-silva,28229179,2026-06-01T00:00:00Z,2026-08-06T14:00:00Z,jetbrains,enterprise,,2026-09-04T18:00:00Z,AI-FinOps-MOCK,github.orgs.copilot.billing.seats,2026-08-06,batch-2026-09-04,MOCK
2026-08-06,jenny-oyelaran,95141661,2026-06-01T00:00:00Z,2026-08-06T14:00:00Z,visualstudio,enterprise,,2026-09-04T18:00:00Z,AI-FinOps-MOCK,github.orgs.copilot.billing.seats,2026-08-06,batch-2026-09-04,MOCK
2026-08-06,dev-patel,76731252,2026-06-01T00:00:00Z,2026-08-06T14:00:00Z,vscode,enterprise,,2026-09-04T18:00:00Z,AI-FinOps-MOCK,github.orgs.copilot.billing.seats,2026-08-06,batch-2026-09-04,MOCK
2026-08-06,sam-chen,86211158,2026-06-01T00:00:00Z,2026-08-06T14:00:00Z,jetbrains,enterprise,,2026-09-04T18:00:00Z,AI-FinOps-MOCK,github.orgs.copilot.billing.seats,2026-08-06,batch-2026-09-04,MOCK
2026-08-06,robin-hale,61547237,2026-06-01T00:00:00Z,2026-08-06T14:00:00Z,jetbrains,enterprise,,2026-09-04T18:00:00Z,AI-FinOps-MOCK,github.orgs.copilot.billing.seats,2026-08-06,batch-2026-09-04,MOCK
2026-08-06,lee-novak,59626499,2026-06-01T00:00:00Z,2026-08-06T14:00:00Z,visualstudio,enterprise,,2026-09-04T18:00:00Z,AI-FinOps-MOCK,github.orgs.copilot.billing.seats,2026-08-06,batch-2026-09-04,MOCK
2026-08-06,kim-arroyo,30027017,2026-06-01T00:00:00Z,2026-08-06T14:00:00Z,jetbrains,enterprise,,2026-09-04T18:00:00Z,AI-FinOps-MOCK,github.orgs.copilot.billing.seats,2026-08-06,batch-2026-09-04,MOCK
2026-08-05,aisha-rahman,39005316,2026-06-01T00:00:00Z,2026-08-05T14:00:00Z,vscode,enterprise,,2026-09-04T18:00:00Z,AI-FinOps-MOCK,github.orgs.copilot.billing.seats,2026-08-05,batch-2026-09-04,MOCK
2026-08-05,marco-silva,28229179,2026-06-01T00:00:00Z,,,enterprise,,2026-09-04T18:00:00Z,AI-FinOps-MOCK,github.orgs.copilot.billing.seats,2026-08-05,batch-2026-09-04,MOCK
2026-08-05,jenny-oyelaran,95141661,2026-06-01T00:00:00Z,2026-08-05T14:00:00Z,jetbrains,enterprise,,2026-09-04T18:00:00Z,AI-FinOps-MOCK,github.orgs.copilot.billing.seats,2026-08-05,batch-2026-09-04,MOCK
2026-08-05,dev-patel,76731252,2026-06-01T00:00:00Z,,,enterprise,,2026-09-04T18:00:00Z,AI-FinOps-MOCK,github.orgs.copilot.billing.seats,2026-08-05,batch-2026-09-04,MOCK
2026-08-05,sam-chen,86211158,2026-06-01T00:00:00Z,2026-08-05T14:00:00Z,vscode,enterprise,,2026-09-04T18:00:00Z,AI-FinOps-MOCK,github.orgs.copilot.billing.seats,2026-08-05,batch-2026-09-04,MOCK
2026-08-05,robin-hale,61547237,2026-06-01T00:00:00Z,2026-08-05T14:00:00Z,visualstudio,enterprise,,2026-09-04T18:00:00Z,AI-FinOps-MOCK,github.orgs.copilot.billing.seats,2026-08-05,batch-2026-09-04,MOCK
2026-08-05,lee-novak,59626499,2026-06-01T00:00:00Z,2026-08-05T14:00:00Z,vscode,enterprise,,2026-09-04T18:00:00Z,AI-FinOps-MOCK,github.orgs.copilot.billing.seats,2026-08-05,batch-2026-09-04,MOCK
2026-08-05,kim-arroyo,30027017,2026-06-01T00:00:00Z,2026-08-05T14:00:00Z,jetbrains,enterprise,,2026-09-04T18:00:00Z,AI-FinOps-MOCK,github.orgs.copilot.billing.seats,2026-08-05,batch-2026-09-04,MOCK
2026-08-04,aisha-rahman,39005316,2026-06-01T00:00:00Z,2026-08-04T14:00:00Z,visualstudio,enterprise,,2026-09-04T18:00:00Z,AI-FinOps-MOCK,github.orgs.copilot.billing.seats,2026-08-04,batch-2026-09-04,MOCK
2026-08-04,marco-silva,28229179,2026-06-01T00:00:00Z,2026-08-04T14:00:00Z,visualstudio,enterprise,,2026-09-04T18:00:00Z,AI-FinOps-MOCK,github.orgs.copilot.billing.seats,2026-08-04,batch-2026-09-04,MOCK
2026-08-04,jenny-oyelaran,95141661,2026-06-01T00:00:00Z,2026-08-04T14:00:00Z,jetbrains,enterprise,,2026-09-04T18:00:00Z,AI-FinOps-MOCK,github.orgs.copilot.billing.seats,2026-08-04,batch-2026-09-04,MOCK
2026-08-04,dev-patel,76731252,2026-06-01T00:00:00Z,,,enterprise,,2026-09-04T18:00:00Z,AI-FinOps-MOCK,github.orgs.copilot.billing.seats,2026-08-04,batch-2026-09-04,MOCK
2026-08-04,sam-chen,86211158,2026-06-01T00:00:00Z,2026-08-04T14:00:00Z,visualstudio,enterprise,,2026-09-04T18:00:00Z,AI-FinOps-MOCK,github.orgs.copilot.billing.seats,2026-08-04,batch-2026-09-04,MOCK
2026-08-04,robin-hale,61547237,2026-06-01T00:00:00Z,,,enterprise,,2026-09-04T18:00:00Z,AI-FinOps-MOCK,github.orgs.copilot.billing.seats,2026-08-04,batch-2026-09-04,MOCK
2026-08-04,lee-novak,59626499,2026-06-01T00:00:00Z,2026-08-04T14:00:00Z,jetbrains,enterprise,,2026-09-04T18:00:00Z,AI-FinOps-MOCK,github.orgs.copilot.billing.seats,2026-08-04,batch-2026-09-04,MOCK
2026-08-04,kim-arroyo,30027017,2026-06-01T00:00:00Z,2026-08-04T14:00:00Z,vscode,enterprise,,2026-09-04T18:00:00Z,AI-FinOps-MOCK,github.orgs.copilot.billing.seats,2026-08-04,batch-2026-09-04,MOCK
2026-08-03,aisha-rahman,39005316,2026-06-01T00:00:00Z,2026-08-03T14:00:00Z,vscode,enterprise,,2026-09-04T18:00:00Z,AI-FinOps-MOCK,github.orgs.copilot.billing.seats,2026-08-03,batch-2026-09-04,MOCK
2026-08-03,marco-silva,28229179,2026-06-01T00:00:00Z,2026-08-03T14:00:00Z,jetbrains,enterprise,,2026-09-04T18:00:00Z,AI-FinOps-MOCK,github.orgs.copilot.billing.seats,2026-08-03,batch-2026-09-04,MOCK
2026-08-03,jenny-oyelaran,95141661,2026-06-01T00:00:00Z,2026-08-03T14:00:00Z,visualstudio,enterprise,,2026-09-04T18:00:00Z,AI-FinOps-MOCK,github.orgs.copilot.billing.seats,2026-08-03,batch-2026-09-04,MOCK
2026-08-03,dev-patel,76731252,2026-06-01T00:00:00Z,2026-08-03T14:00:00Z,vscode,enterprise,,2026-09-04T18:00:00Z,AI-FinOps-MOCK,github.orgs.copilot.billing.seats,2026-08-03,batch-2026-09-04,MOCK
2026-08-03,sam-chen,86211158,2026-06-01T00:00:00Z,,,enterprise,,2026-09-04T18:00:00Z,AI-FinOps-MOCK,github.orgs.copilot.billing.seats,2026-08-03,batch-2026-09-04,MOCK
2026-08-03,robin-hale,61547237,2026-06-01T00:00:00Z,,,enterprise,,2026-09-04T18:00:00Z,AI-FinOps-MOCK,github.orgs.copilot.billing.seats,2026-08-03,batch-2026-09-04,MOCK
2026-08-03,lee-novak,59626499,2026-06-01T00:00:00Z,2026-08-03T14:00:00Z,jetbrains,enterprise,,2026-09-04T18:00:00Z,AI-FinOps-MOCK,github.orgs.copilot.billing.seats,2026-08-03,batch-2026-09-04,MOCK
2026-08-03,kim-arroyo,30027017,2026-06-01T00:00:00Z,2026-08-03T14:00:00Z,visualstudio,enterprise,,2026-09-04T18:00:00Z,AI-FinOps-MOCK,github.orgs.copilot.billing.seats,2026-08-03,batch-2026-09-04,MOCK
2026-08-02,aisha-rahman,39005316,2026-06-01T00:00:00Z,,,enterprise,,2026-09-04T18:00:00Z,AI-FinOps-MOCK,github.orgs.copilot.billing.seats,2026-08-02,batch-2026-09-04,MOCK
2026-08-02,marco-silva,28229179,2026-06-01T00:00:00Z,2026-08-02T14:00:00Z,vscode,enterprise,,2026-09-04T18:00:00Z,AI-FinOps-MOCK,github.orgs.copilot.billing.seats,2026-08-02,batch-2026-09-04,MOCK
2026-08-02,jenny-oyelaran,95141661,2026-06-01T00:00:00Z,2026-08-02T14:00:00Z,visualstudio,enterprise,,2026-09-04T18:00:00Z,AI-FinOps-MOCK,github.orgs.copilot.billing.seats,2026-08-02,batch-2026-09-04,MOCK
2026-08-02,dev-patel,76731252,2026-06-01T00:00:00Z,2026-08-02T14:00:00Z,vscode,enterprise,,2026-09-04T18:00:00Z,AI-FinOps-MOCK,github.orgs.copilot.billing.seats,2026-08-02,batch-2026-09-04,MOCK
2026-08-02,sam-chen,86211158,2026-06-01T00:00:00Z,2026-08-02T14:00:00Z,vscode,enterprise,,2026-09-04T18:00:00Z,AI-FinOps-MOCK,github.orgs.copilot.billing.seats,2026-08-02,batch-2026-09-04,MOCK
2026-08-02,robin-hale,61547237,2026-06-01T00:00:00Z,,,enterprise,,2026-09-04T18:00:00Z,AI-FinOps-MOCK,github.orgs.copilot.billing.seats,2026-08-02,batch-2026-09-04,MOCK
2026-08-02,lee-novak,59626499,2026-06-01T00:00:00Z,,,enterprise,,2026-09-04T18:00:00Z,AI-FinOps-MOCK,github.orgs.copilot.billing.seats,2026-08-02,batch-2026-09-04,MOCK
2026-08-02,kim-arroyo,30027017,2026-06-01T00:00:00Z,2026-08-02T14:00:00Z,vscode,enterprise,,2026-09-04T18:00:00Z,AI-FinOps-MOCK,github.orgs.copilot.billing.seats,2026-08-02,batch-2026-09-04,MOCK
2026-08-01,aisha-rahman,39005316,2026-06-01T00:00:00Z,2026-08-01T14:00:00Z,vscode,enterprise,,2026-09-04T18:00:00Z,AI-FinOps-MOCK,github.orgs.copilot.billing.seats,2026-08-01,batch-2026-09-04,MOCK
2026-08-01,marco-silva,28229179,2026-06-01T00:00:00Z,2026-08-01T14:00:00Z,vscode,enterprise,,2026-09-04T18:00:00Z,AI-FinOps-MOCK,github.orgs.copilot.billing.seats,2026-08-01,batch-2026-09-04,MOCK
2026-08-01,jenny-oyelaran,95141661,2026-06-01T00:00:00Z,,,enterprise,,2026-09-04T18:00:00Z,AI-FinOps-MOCK,github.orgs.copilot.billing.seats,2026-08-01,batch-2026-09-04,MOCK
2026-08-01,dev-patel,76731252,2026-06-01T00:00:00Z,2026-08-01T14:00:00Z,visualstudio,enterprise,,2026-09-04T18:00:00Z,AI-FinOps-MOCK,github.orgs.copilot.billing.seats,2026-08-01,batch-2026-09-04,MOCK
2026-08-01,sam-chen,86211158,2026-06-01T00:00:00Z,2026-08-01T14:00:00Z,visualstudio,enterprise,,2026-09-04T18:00:00Z,AI-FinOps-MOCK,github.orgs.copilot.billing.seats,2026-08-01,batch-2026-09-04,MOCK
2026-08-01,robin-hale,61547237,2026-06-01T00:00:00Z,2026-08-01T14:00:00Z,vscode,enterprise,,2026-09-04T18:00:00Z,AI-FinOps-MOCK,github.orgs.copilot.billing.seats,2026-08-01,batch-2026-09-04,MOCK
2026-08-01,lee-novak,59626499,2026-06-01T00:00:00Z,2026-08-01T14:00:00Z,jetbrains,enterprise,,2026-09-04T18:00:00Z,AI-FinOps-MOCK,github.orgs.copilot.billing.seats,2026-08-01,batch-2026-09-04,MOCK
2026-08-01,kim-arroyo,30027017,2026-06-01T00:00:00Z,2026-08-01T14:00:00Z,vscode,enterprise,,2026-09-04T18:00:00Z,AI-FinOps-MOCK,github.orgs.copilot.billing.seats,2026-08-01,batch-2026-09-04,MOCK
2026-07-31,aisha-rahman,39005316,2026-06-01T00:00:00Z,2026-07-31T14:00:00Z,jetbrains,enterprise,,2026-09-04T18:00:00Z,AI-FinOps-MOCK,github.orgs.copilot.billing.seats,2026-07-31,batch-2026-09-04,MOCK
2026-07-31,marco-silva,28229179,2026-06-01T00:00:00Z,,,enterprise,,2026-09-04T18:00:00Z,AI-FinOps-MOCK,github.orgs.copilot.billing.seats,2026-07-31,batch-2026-09-04,MOCK
2026-07-31,jenny-oyelaran,95141661,2026-06-01T00:00:00Z,2026-07-31T14:00:00Z,jetbrains,enterprise,,2026-09-04T18:00:00Z,AI-FinOps-MOCK,github.orgs.copilot.billing.seats,2026-07-31,batch-2026-09-04,MOCK
2026-07-31,dev-patel,76731252,2026-06-01T00:00:00Z,2026-07-31T14:00:00Z,vscode,enterprise,,2026-09-04T18:00:00Z,AI-FinOps-MOCK,github.orgs.copilot.billing.seats,2026-07-31,batch-2026-09-04,MOCK
2026-07-31,sam-chen,86211158,2026-06-01T00:00:00Z,2026-07-31T14:00:00Z,visualstudio,enterprise,,2026-09-04T18:00:00Z,AI-FinOps-MOCK,github.orgs.copilot.billing.seats,2026-07-31,batch-2026-09-04,MOCK
2026-07-31,robin-hale,61547237,2026-06-01T00:00:00Z,2026-07-31T14:00:00Z,vscode,enterprise,,2026-09-04T18:00:00Z,AI-FinOps-MOCK,github.orgs.copilot.billing.seats,2026-07-31,batch-2026-09-04,MOCK
2026-07-31,lee-novak,59626499,2026-06-01T00:00:00Z,2026-07-31T14:00:00Z,jetbrains,enterprise,,2026-09-04T18:00:00Z,AI-FinOps-MOCK,github.orgs.copilot.billing.seats,2026-07-31,batch-2026-09-04,MOCK
2026-07-31,kim-arroyo,30027017,2026-06-01T00:00:00Z,2026-07-31T14:00:00Z,vscode,enterprise,,2026-09-04T18:00:00Z,AI-FinOps-MOCK,github.orgs.copilot.billing.seats,2026-07-31,batch-2026-09-04,MOCK
2026-07-30,aisha-rahman,39005316,2026-06-01T00:00:00Z,2026-07-30T14:00:00Z,visualstudio,enterprise,,2026-09-04T18:00:00Z,AI-FinOps-MOCK,github.orgs.copilot.billing.seats,2026-07-30,batch-2026-09-04,MOCK
2026-07-30,marco-silva,28229179,2026-06-01T00:00:00Z,2026-07-30T14:00:00Z,visualstudio,enterprise,,2026-09-04T18:00:00Z,AI-FinOps-MOCK,github.orgs.copilot.billing.seats,2026-07-30,batch-2026-09-04,MOCK
2026-07-30,jenny-oyelaran,95141661,2026-06-01T00:00:00Z,2026-07-30T14:00:00Z,jetbrains,enterprise,,2026-09-04T18:00:00Z,AI-FinOps-MOCK,github.orgs.copilot.billing.seats,2026-07-30,batch-2026-09-04,MOCK
2026-07-30,dev-patel,76731252,2026-06-01T00:00:00Z,2026-07-30T14:00:00Z,visualstudio,enterprise,,2026-09-04T18:00:00Z,AI-FinOps-MOCK,github.orgs.copilot.billing.seats,2026-07-30,batch-2026-09-04,MOCK
2026-07-30,sam-chen,86211158,2026-06-01T00:00:00Z,2026-07-30T14:00:00Z,vscode,enterprise,,2026-09-04T18:00:00Z,AI-FinOps-MOCK,github.orgs.copilot.billing.seats,2026-07-30,batch-2026-09-04,MOCK
2026-07-30,robin-hale,61547237,2026-06-01T00:00:00Z,2026-07-30T14:00:00Z,visualstudio,enterprise,,2026-09-04T18:00:00Z,AI-FinOps-MOCK,github.orgs.copilot.billing.seats,2026-07-30,batch-2026-09-04,MOCK
2026-07-30,lee-novak,59626499,2026-06-01T00:00:00Z,2026-07-30T14:00:00Z,vscode,enterprise,,2026-09-04T18:00:00Z,AI-FinOps-MOCK,github.orgs.copilot.billing.seats,2026-07-30,batch-2026-09-04,MOCK
2026-07-30,kim-arroyo,30027017,2026-06-01T00:00:00Z,,,enterprise,,2026-09-04T18:00:00Z,AI-FinOps-MOCK,github.orgs.copilot.billing.seats,2026-07-30,batch-2026-09-04,MOCK
2026-07-29,aisha-rahman,39005316,2026-06-01T00:00:00Z,2026-07-29T14:00:00Z,visualstudio,enterprise,,2026-09-04T18:00:00Z,AI-FinOps-MOCK,github.orgs.copilot.billing.seats,2026-07-29,batch-2026-09-04,MOCK
2026-07-29,marco-silva,28229179,2026-06-01T00:00:00Z,,,enterprise,,2026-09-04T18:00:00Z,AI-FinOps-MOCK,github.orgs.copilot.billing.seats,2026-07-29,batch-2026-09-04,MOCK
2026-07-29,jenny-oyelaran,95141661,2026-06-01T00:00:00Z,,,enterprise,,2026-09-04T18:00:00Z,AI-FinOps-MOCK,github.orgs.copilot.billing.seats,2026-07-29,batch-2026-09-04,MOCK
2026-07-29,dev-patel,76731252,2026-06-01T00:00:00Z,2026-07-29T14:00:00Z,vscode,enterprise,,2026-09-04T18:00:00Z,AI-FinOps-MOCK,github.orgs.copilot.billing.seats,2026-07-29,batch-2026-09-04,MOCK
2026-07-29,sam-chen,86211158,2026-06-01T00:00:00Z,2026-07-29T14:00:00Z,jetbrains,enterprise,,2026-09-04T18:00:00Z,AI-FinOps-MOCK,github.orgs.copilot.billing.seats,2026-07-29,batch-2026-09-04,MOCK
2026-07-29,robin-hale,61547237,2026-06-01T00:00:00Z,2026-07-29T14:00:00Z,vscode,enterprise,,2026-09-04T18:00:00Z,AI-FinOps-MOCK,github.orgs.copilot.billing.seats,2026-07-29,batch-2026-09-04,MOCK
2026-07-29,lee-novak,59626499,2026-06-01T00:00:00Z,2026-07-29T14:00:00Z,jetbrains,enterprise,,2026-09-04T18:00:00Z,AI-FinOps-MOCK,github.orgs.copilot.billing.seats,2026-07-29,batch-2026-09-04,MOCK
2026-07-29,kim-arroyo,30027017,2026-06-01T00:00:00Z,2026-07-29T14:00:00Z,visualstudio,enterprise,,2026-09-04T18:00:00Z,AI-FinOps-MOCK,github.orgs.copilot.billing.seats,2026-07-29,batch-2026-09-04,MOCK
2026-07-28,aisha-rahman,39005316,2026-06-01T00:00:00Z,2026-07-28T14:00:00Z,visualstudio,enterprise,,2026-09-04T18:00:00Z,AI-FinOps-MOCK,github.orgs.copilot.billing.seats,2026-07-28,batch-2026-09-04,MOCK
2026-07-28,marco-silva,28229179,2026-06-01T00:00:00Z,2026-07-28T14:00:00Z,jetbrains,enterprise,,2026-09-04T18:00:00Z,AI-FinOps-MOCK,github.orgs.copilot.billing.seats,2026-07-28,batch-2026-09-04,MOCK
2026-07-28,jenny-oyelaran,95141661,2026-06-01T00:00:00Z,,,enterprise,,2026-09-04T18:00:00Z,AI-FinOps-MOCK,github.orgs.copilot.billing.seats,2026-07-28,batch-2026-09-04,MOCK
2026-07-28,dev-patel,76731252,2026-06-01T00:00:00Z,2026-07-28T14:00:00Z,jetbrains,enterprise,,2026-09-04T18:00:00Z,AI-FinOps-MOCK,github.orgs.copilot.billing.seats,2026-07-28,batch-2026-09-04,MOCK
2026-07-28,sam-chen,86211158,2026-06-01T00:00:00Z,,,enterprise,,2026-09-04T18:00:00Z,AI-FinOps-MOCK,github.orgs.copilot.billing.seats,2026-07-28,batch-2026-09-04,MOCK
2026-07-28,robin-hale,61547237,2026-06-01T00:00:00Z,2026-07-28T14:00:00Z,vscode,enterprise,,2026-09-04T18:00:00Z,AI-FinOps-MOCK,github.orgs.copilot.billing.seats,2026-07-28,batch-2026-09-04,MOCK
2026-07-28,lee-novak,59626499,2026-06-01T00:00:00Z,2026-07-28T14:00:00Z,visualstudio,enterprise,,2026-09-04T18:00:00Z,AI-FinOps-MOCK,github.orgs.copilot.billing.seats,2026-07-28,batch-2026-09-04,MOCK
2026-07-28,kim-arroyo,30027017,2026-06-01T00:00:00Z,2026-07-28T14:00:00Z,vscode,enterprise,,2026-09-04T18:00:00Z,AI-FinOps-MOCK,github.orgs.copilot.billing.seats,2026-07-28,batch-2026-09-04,MOCK
2026-07-27,aisha-rahman,39005316,2026-06-01T00:00:00Z,2026-07-27T14:00:00Z,visualstudio,enterprise,,2026-09-04T18:00:00Z,AI-FinOps-MOCK,github.orgs.copilot.billing.seats,2026-07-27,batch-2026-09-04,MOCK
2026-07-27,marco-silva,28229179,2026-06-01T00:00:00Z,2026-07-27T14:00:00Z,vscode,enterprise,,2026-09-04T18:00:00Z,AI-FinOps-MOCK,github.orgs.copilot.billing.seats,2026-07-27,batch-2026-09-04,MOCK
2026-07-27,jenny-oyelaran,95141661,2026-06-01T00:00:00Z,2026-07-27T14:00:00Z,jetbrains,enterprise,,2026-09-04T18:00:00Z,AI-FinOps-MOCK,github.orgs.copilot.billing.seats,2026-07-27,batch-2026-09-04,MOCK
2026-07-27,dev-patel,76731252,2026-06-01T00:00:00Z,,,enterprise,,2026-09-04T18:00:00Z,AI-FinOps-MOCK,github.orgs.copilot.billing.seats,2026-07-27,batch-2026-09-04,MOCK
2026-07-27,sam-chen,86211158,2026-06-01T00:00:00Z,2026-07-27T14:00:00Z,vscode,enterprise,,2026-09-04T18:00:00Z,AI-FinOps-MOCK,github.orgs.copilot.billing.seats,2026-07-27,batch-2026-09-04,MOCK
2026-07-27,robin-hale,61547237,2026-06-01T00:00:00Z,2026-07-27T14:00:00Z,visualstudio,enterprise,,2026-09-04T18:00:00Z,AI-FinOps-MOCK,github.orgs.copilot.billing.seats,2026-07-27,batch-2026-09-04,MOCK
2026-07-27,lee-novak,59626499,2026-06-01T00:00:00Z,2026-07-27T14:00:00Z,jetbrains,enterprise,,2026-09-04T18:00:00Z,AI-FinOps-MOCK,github.orgs.copilot.billing.seats,2026-07-27,batch-2026-09-04,MOCK
2026-07-27,kim-arroyo,30027017,2026-06-01T00:00:00Z,,,enterprise,,2026-09-04T18:00:00Z,AI-FinOps-MOCK,github.orgs.copilot.billing.seats,2026-07-27,batch-2026-09-04,MOCK
2026-07-26,aisha-rahman,39005316,2026-06-01T00:00:00Z,2026-07-26T14:00:00Z,vscode,enterprise,,2026-09-04T18:00:00Z,AI-FinOps-MOCK,github.orgs.copilot.billing.seats,2026-07-26,batch-2026-09-04,MOCK
2026-07-26,marco-silva,28229179,2026-06-01T00:00:00Z,2026-07-26T14:00:00Z,jetbrains,enterprise,,2026-09-04T18:00:00Z,AI-FinOps-MOCK,github.orgs.copilot.billing.seats,2026-07-26,batch-2026-09-04,MOCK
2026-07-26,jenny-oyelaran,95141661,2026-06-01T00:00:00Z,,,enterprise,,2026-09-04T18:00:00Z,AI-FinOps-MOCK,github.orgs.copilot.billing.seats,2026-07-26,batch-2026-09-04,MOCK
2026-07-26,dev-patel,76731252,2026-06-01T00:00:00Z,,,enterprise,,2026-09-04T18:00:00Z,AI-FinOps-MOCK,github.orgs.copilot.billing.seats,2026-07-26,batch-2026-09-04,MOCK
2026-07-26,sam-chen,86211158,2026-06-01T00:00:00Z,,,enterprise,,2026-09-04T18:00:00Z,AI-FinOps-MOCK,github.orgs.copilot.billing.seats,2026-07-26,batch-2026-09-04,MOCK
2026-07-26,robin-hale,61547237,2026-06-01T00:00:00Z,,,enterprise,,2026-09-04T18:00:00Z,AI-FinOps-MOCK,github.orgs.copilot.billing.seats,2026-07-26,batch-2026-09-04,MOCK
2026-07-26,lee-novak,59626499,2026-06-01T00:00:00Z,,,enterprise,,2026-09-04T18:00:00Z,AI-FinOps-MOCK,github.orgs.copilot.billing.seats,2026-07-26,batch-2026-09-04,MOCK
2026-07-26,kim-arroyo,30027017,2026-06-01T00:00:00Z,,,enterprise,,2026-09-04T18:00:00Z,AI-FinOps-MOCK,github.orgs.copilot.billing.seats,2026-07-26,batch-2026-09-04,MOCK
2026-07-25,aisha-rahman,39005316,2026-06-01T00:00:00Z,2026-07-25T14:00:00Z,vscode,enterprise,,2026-09-04T18:00:00Z,AI-FinOps-MOCK,github.orgs.copilot.billing.seats,2026-07-25,batch-2026-09-04,MOCK
2026-07-25,marco-silva,28229179,2026-06-01T00:00:00Z,2026-07-25T14:00:00Z,visualstudio,enterprise,,2026-09-04T18:00:00Z,AI-FinOps-MOCK,github.orgs.copilot.billing.seats,2026-07-25,batch-2026-09-04,MOCK
2026-07-25,jenny-oyelaran,95141661,2026-06-01T00:00:00Z,,,enterprise,,2026-09-04T18:00:00Z,AI-FinOps-MOCK,github.orgs.copilot.billing.seats,2026-07-25,batch-2026-09-04,MOCK
2026-07-25,dev-patel,76731252,2026-06-01T00:00:00Z,,,enterprise,,2026-09-04T18:00:00Z,AI-FinOps-MOCK,github.orgs.copilot.billing.seats,2026-07-25,batch-2026-09-04,MOCK
2026-07-25,sam-chen,86211158,2026-06-01T00:00:00Z,2026-07-25T14:00:00Z,vscode,enterprise,,2026-09-04T18:00:00Z,AI-FinOps-MOCK,github.orgs.copilot.billing.seats,2026-07-25,batch-2026-09-04,MOCK
2026-07-25,robin-hale,61547237,2026-06-01T00:00:00Z,2026-07-25T14:00:00Z,visualstudio,enterprise,,2026-09-04T18:00:00Z,AI-FinOps-MOCK,github.orgs.copilot.billing.seats,2026-07-25,batch-2026-09-04,MOCK
2026-07-25,lee-novak,59626499,2026-06-01T00:00:00Z,2026-07-25T14:00:00Z,vscode,enterprise,,2026-09-04T18:00:00Z,AI-FinOps-MOCK,github.orgs.copilot.billing.seats,2026-07-25,batch-2026-09-04,MOCK
2026-07-25,kim-arroyo,30027017,2026-06-01T00:00:00Z,,,enterprise,,2026-09-04T18:00:00Z,AI-FinOps-MOCK,github.orgs.copilot.billing.seats,2026-07-25,batch-2026-09-04,MOCK
2026-07-24,aisha-rahman,39005316,2026-06-01T00:00:00Z,,,enterprise,,2026-09-04T18:00:00Z,AI-FinOps-MOCK,github.orgs.copilot.billing.seats,2026-07-24,batch-2026-09-04,MOCK
2026-07-24,marco-silva,28229179,2026-06-01T00:00:00Z,,,enterprise,,2026-09-04T18:00:00Z,AI-FinOps-MOCK,github.orgs.copilot.billing.seats,2026-07-24,batch-2026-09-04,MOCK
2026-07-24,jenny-oyelaran,95141661,2026-06-01T00:00:00Z,2026-07-24T14:00:00Z,visualstudio,enterprise,,2026-09-04T18:00:00Z,AI-FinOps-MOCK,github.orgs.copilot.billing.seats,2026-07-24,batch-2026-09-04,MOCK
2026-07-24,dev-patel,76731252,2026-06-01T00:00:00Z,,,enterprise,,2026-09-04T18:00:00Z,AI-FinOps-MOCK,github.orgs.copilot.billing.seats,2026-07-24,batch-2026-09-04,MOCK
2026-07-24,sam-chen,86211158,2026-06-01T00:00:00Z,,,enterprise,,2026-09-04T18:00:00Z,AI-FinOps-MOCK,github.orgs.copilot.billing.seats,2026-07-24,batch-2026-09-04,MOCK
2026-07-24,robin-hale,61547237,2026-06-01T00:00:00Z,2026-07-24T14:00:00Z,jetbrains,enterprise,,2026-09-04T18:00:00Z,AI-FinOps-MOCK,github.orgs.copilot.billing.seats,2026-07-24,batch-2026-09-04,MOCK
2026-07-24,lee-novak,59626499,2026-06-01T00:00:00Z,2026-07-24T14:00:00Z,visualstudio,enterprise,,2026-09-04T18:00:00Z,AI-FinOps-MOCK,github.orgs.copilot.billing.seats,2026-07-24,batch-2026-09-04,MOCK
2026-07-24,kim-arroyo,30027017,2026-06-01T00:00:00Z,2026-07-24T14:00:00Z,visualstudio,enterprise,,2026-09-04T18:00:00Z,AI-FinOps-MOCK,github.orgs.copilot.billing.seats,2026-07-24,batch-2026-09-04,MOCK
2026-07-23,aisha-rahman,39005316,2026-06-01T00:00:00Z,2026-07-23T14:00:00Z,visualstudio,enterprise,,2026-09-04T18:00:00Z,AI-FinOps-MOCK,github.orgs.copilot.billing.seats,2026-07-23,batch-2026-09-04,MOCK
2026-07-23,marco-silva,28229179,2026-06-01T00:00:00Z,,,enterprise,,2026-09-04T18:00:00Z,AI-FinOps-MOCK,github.orgs.copilot.billing.seats,2026-07-23,batch-2026-09-04,MOCK
2026-07-23,jenny-oyelaran,95141661,2026-06-01T00:00:00Z,,,enterprise,,2026-09-04T18:00:00Z,AI-FinOps-MOCK,github.orgs.copilot.billing.seats,2026-07-23,batch-2026-09-04,MOCK
2026-07-23,dev-patel,76731252,2026-06-01T00:00:00Z,2026-07-23T14:00:00Z,vscode,enterprise,,2026-09-04T18:00:00Z,AI-FinOps-MOCK,github.orgs.copilot.billing.seats,2026-07-23,batch-2026-09-04,MOCK
2026-07-23,sam-chen,86211158,2026-06-01T00:00:00Z,2026-07-23T14:00:00Z,visualstudio,enterprise,,2026-09-04T18:00:00Z,AI-FinOps-MOCK,github.orgs.copilot.billing.seats,2026-07-23,batch-2026-09-04,MOCK
2026-07-23,robin-hale,61547237,2026-06-01T00:00:00Z,2026-07-23T14:00:00Z,visualstudio,enterprise,,2026-09-04T18:00:00Z,AI-FinOps-MOCK,github.orgs.copilot.billing.seats,2026-07-23,batch-2026-09-04,MOCK
2026-07-23,lee-novak,59626499,2026-06-01T00:00:00Z,2026-07-23T14:00:00Z,vscode,enterprise,,2026-09-04T18:00:00Z,AI-FinOps-MOCK,github.orgs.copilot.billing.seats,2026-07-23,batch-2026-09-04,MOCK
2026-07-23,kim-arroyo,30027017,2026-06-01T00:00:00Z,,,enterprise,,2026-09-04T18:00:00Z,AI-FinOps-MOCK,github.orgs.copilot.billing.seats,2026-07-23,batch-2026-09-04,MOCK
2026-07-22,aisha-rahman,39005316,2026-06-01T00:00:00Z,2026-07-22T14:00:00Z,vscode,enterprise,,2026-09-04T18:00:00Z,AI-FinOps-MOCK,github.orgs.copilot.billing.seats,2026-07-22,batch-2026-09-04,MOCK
2026-07-22,marco-silva,28229179,2026-06-01T00:00:00Z,,,enterprise,,2026-09-04T18:00:00Z,AI-FinOps-MOCK,github.orgs.copilot.billing.seats,2026-07-22,batch-2026-09-04,MOCK
2026-07-22,jenny-oyelaran,95141661,2026-06-01T00:00:00Z,,,enterprise,,2026-09-04T18:00:00Z,AI-FinOps-MOCK,github.orgs.copilot.billing.seats,2026-07-22,batch-2026-09-04,MOCK
2026-07-22,dev-patel,76731252,2026-06-01T00:00:00Z,2026-07-22T14:00:00Z,visualstudio,enterprise,,2026-09-04T18:00:00Z,AI-FinOps-MOCK,github.orgs.copilot.billing.seats,2026-07-22,batch-2026-09-04,MOCK
2026-07-22,sam-chen,86211158,2026-06-01T00:00:00Z,2026-07-22T14:00:00Z,visualstudio,enterprise,,2026-09-04T18:00:00Z,AI-FinOps-MOCK,github.orgs.copilot.billing.seats,2026-07-22,batch-2026-09-04,MOCK
2026-07-22,robin-hale,61547237,2026-06-01T00:00:00Z,2026-07-22T14:00:00Z,visualstudio,enterprise,,2026-09-04T18:00:00Z,AI-FinOps-MOCK,github.orgs.copilot.billing.seats,2026-07-22,batch-2026-09-04,MOCK
2026-07-22,lee-novak,59626499,2026-06-01T00:00:00Z,2026-07-22T14:00:00Z,vscode,enterprise,,2026-09-04T18:00:00Z,AI-FinOps-MOCK,github.orgs.copilot.billing.seats,2026-07-22,batch-2026-09-04,MOCK
2026-07-22,kim-arroyo,30027017,2026-06-01T00:00:00Z,2026-07-22T14:00:00Z,visualstudio,enterprise,,2026-09-04T18:00:00Z,AI-FinOps-MOCK,github.orgs.copilot.billing.seats,2026-07-22,batch-2026-09-04,MOCK
2026-07-21,aisha-rahman,39005316,2026-06-01T00:00:00Z,,,enterprise,,2026-09-04T18:00:00Z,AI-FinOps-MOCK,github.orgs.copilot.billing.seats,2026-07-21,batch-2026-09-04,MOCK
2026-07-21,marco-silva,28229179,2026-06-01T00:00:00Z,2026-07-21T14:00:00Z,visualstudio,enterprise,,2026-09-04T18:00:00Z,AI-FinOps-MOCK,github.orgs.copilot.billing.seats,2026-07-21,batch-2026-09-04,MOCK
2026-07-21,jenny-oyelaran,95141661,2026-06-01T00:00:00Z,,,enterprise,,2026-09-04T18:00:00Z,AI-FinOps-MOCK,github.orgs.copilot.billing.seats,2026-07-21,batch-2026-09-04,MOCK
2026-07-21,dev-patel,76731252,2026-06-01T00:00:00Z,2026-07-21T14:00:00Z,visualstudio,enterprise,,2026-09-04T18:00:00Z,AI-FinOps-MOCK,github.orgs.copilot.billing.seats,2026-07-21,batch-2026-09-04,MOCK
2026-07-21,sam-chen,86211158,2026-06-01T00:00:00Z,2026-07-21T14:00:00Z,jetbrains,enterprise,,2026-09-04T18:00:00Z,AI-FinOps-MOCK,github.orgs.copilot.billing.seats,2026-07-21,batch-2026-09-04,MOCK
2026-07-21,robin-hale,61547237,2026-06-01T00:00:00Z,2026-07-21T14:00:00Z,vscode,enterprise,,2026-09-04T18:00:00Z,AI-FinOps-MOCK,github.orgs.copilot.billing.seats,2026-07-21,batch-2026-09-04,MOCK
2026-07-21,lee-novak,59626499,2026-06-01T00:00:00Z,,,enterprise,,2026-09-04T18:00:00Z,AI-FinOps-MOCK,github.orgs.copilot.billing.seats,2026-07-21,batch-2026-09-04,MOCK
2026-07-21,kim-arroyo,30027017,2026-06-01T00:00:00Z,2026-07-21T14:00:00Z,vscode,enterprise,,2026-09-04T18:00:00Z,AI-FinOps-MOCK,github.orgs.copilot.billing.seats,2026-07-21,batch-2026-09-04,MOCK
2026-07-20,aisha-rahman,39005316,2026-06-01T00:00:00Z,2026-07-20T14:00:00Z,vscode,enterprise,,2026-09-04T18:00:00Z,AI-FinOps-MOCK,github.orgs.copilot.billing.seats,2026-07-20,batch-2026-09-04,MOCK
2026-07-20,marco-silva,28229179,2026-06-01T00:00:00Z,,,enterprise,,2026-09-04T18:00:00Z,AI-FinOps-MOCK,github.orgs.copilot.billing.seats,2026-07-20,batch-2026-09-04,MOCK
2026-07-20,jenny-oyelaran,95141661,2026-06-01T00:00:00Z,2026-07-20T14:00:00Z,visualstudio,enterprise,,2026-09-04T18:00:00Z,AI-FinOps-MOCK,github.orgs.copilot.billing.seats,2026-07-20,batch-2026-09-04,MOCK
2026-07-20,dev-patel,76731252,2026-06-01T00:00:00Z,2026-07-20T14:00:00Z,jetbrains,enterprise,,2026-09-04T18:00:00Z,AI-FinOps-MOCK,github.orgs.copilot.billing.seats,2026-07-20,batch-2026-09-04,MOCK
2026-07-20,sam-chen,86211158,2026-06-01T00:00:00Z,2026-07-20T14:00:00Z,jetbrains,enterprise,,2026-09-04T18:00:00Z,AI-FinOps-MOCK,github.orgs.copilot.billing.seats,2026-07-20,batch-2026-09-04,MOCK
2026-07-20,robin-hale,61547237,2026-06-01T00:00:00Z,2026-07-20T14:00:00Z,visualstudio,enterprise,,2026-09-04T18:00:00Z,AI-FinOps-MOCK,github.orgs.copilot.billing.seats,2026-07-20,batch-2026-09-04,MOCK
2026-07-20,lee-novak,59626499,2026-06-01T00:00:00Z,2026-07-20T14:00:00Z,jetbrains,enterprise,,2026-09-04T18:00:00Z,AI-FinOps-MOCK,github.orgs.copilot.billing.seats,2026-07-20,batch-2026-09-04,MOCK
2026-07-20,kim-arroyo,30027017,2026-06-01T00:00:00Z,2026-07-20T14:00:00Z,jetbrains,enterprise,,2026-09-04T18:00:00Z,AI-FinOps-MOCK,github.orgs.copilot.billing.seats,2026-07-20,batch-2026-09-04,MOCK
2026-07-19,aisha-rahman,39005316,2026-06-01T00:00:00Z,2026-07-19T14:00:00Z,vscode,enterprise,,2026-09-04T18:00:00Z,AI-FinOps-MOCK,github.orgs.copilot.billing.seats,2026-07-19,batch-2026-09-04,MOCK
2026-07-19,marco-silva,28229179,2026-06-01T00:00:00Z,2026-07-19T14:00:00Z,visualstudio,enterprise,,2026-09-04T18:00:00Z,AI-FinOps-MOCK,github.orgs.copilot.billing.seats,2026-07-19,batch-2026-09-04,MOCK
2026-07-19,jenny-oyelaran,95141661,2026-06-01T00:00:00Z,,,enterprise,,2026-09-04T18:00:00Z,AI-FinOps-MOCK,github.orgs.copilot.billing.seats,2026-07-19,batch-2026-09-04,MOCK
2026-07-19,dev-patel,76731252,2026-06-01T00:00:00Z,2026-07-19T14:00:00Z,vscode,enterprise,,2026-09-04T18:00:00Z,AI-FinOps-MOCK,github.orgs.copilot.billing.seats,2026-07-19,batch-2026-09-04,MOCK
2026-07-19,sam-chen,86211158,2026-06-01T00:00:00Z,,,enterprise,,2026-09-04T18:00:00Z,AI-FinOps-MOCK,github.orgs.copilot.billing.seats,2026-07-19,batch-2026-09-04,MOCK
2026-07-19,robin-hale,61547237,2026-06-01T00:00:00Z,2026-07-19T14:00:00Z,vscode,enterprise,,2026-09-04T18:00:00Z,AI-FinOps-MOCK,github.orgs.copilot.billing.seats,2026-07-19,batch-2026-09-04,MOCK
2026-07-19,lee-novak,59626499,2026-06-01T00:00:00Z,2026-07-19T14:00:00Z,jetbrains,enterprise,,2026-09-04T18:00:00Z,AI-FinOps-MOCK,github.orgs.copilot.billing.seats,2026-07-19,batch-2026-09-04,MOCK
2026-07-19,kim-arroyo,30027017,2026-06-01T00:00:00Z,2026-07-19T14:00:00Z,jetbrains,enterprise,,2026-09-04T18:00:00Z,AI-FinOps-MOCK,github.orgs.copilot.billing.seats,2026-07-19,batch-2026-09-04,MOCK
2026-07-18,aisha-rahman,39005316,2026-06-01T00:00:00Z,2026-07-18T14:00:00Z,jetbrains,enterprise,,2026-09-04T18:00:00Z,AI-FinOps-MOCK,github.orgs.copilot.billing.seats,2026-07-18,batch-2026-09-04,MOCK
2026-07-18,marco-silva,28229179,2026-06-01T00:00:00Z,,,enterprise,,2026-09-04T18:00:00Z,AI-FinOps-MOCK,github.orgs.copilot.billing.seats,2026-07-18,batch-2026-09-04,MOCK
2026-07-18,jenny-oyelaran,95141661,2026-06-01T00:00:00Z,2026-07-18T14:00:00Z,visualstudio,enterprise,,2026-09-04T18:00:00Z,AI-FinOps-MOCK,github.orgs.copilot.billing.seats,2026-07-18,batch-2026-09-04,MOCK
2026-07-18,dev-patel,76731252,2026-06-01T00:00:00Z,2026-07-18T14:00:00Z,jetbrains,enterprise,,2026-09-04T18:00:00Z,AI-FinOps-MOCK,github.orgs.copilot.billing.seats,2026-07-18,batch-2026-09-04,MOCK
2026-07-18,sam-chen,86211158,2026-06-01T00:00:00Z,2026-07-18T14:00:00Z,vscode,enterprise,,2026-09-04T18:00:00Z,AI-FinOps-MOCK,github.orgs.copilot.billing.seats,2026-07-18,batch-2026-09-04,MOCK
2026-07-18,robin-hale,61547237,2026-06-01T00:00:00Z,2026-07-18T14:00:00Z,jetbrains,enterprise,,2026-09-04T18:00:00Z,AI-FinOps-MOCK,github.orgs.copilot.billing.seats,2026-07-18,batch-2026-09-04,MOCK
2026-07-18,lee-novak,59626499,2026-06-01T00:00:00Z,,,enterprise,,2026-09-04T18:00:00Z,AI-FinOps-MOCK,github.orgs.copilot.billing.seats,2026-07-18,batch-2026-09-04,MOCK
2026-07-18,kim-arroyo,30027017,2026-06-01T00:00:00Z,2026-07-18T14:00:00Z,jetbrains,enterprise,,2026-09-04T18:00:00Z,AI-FinOps-MOCK,github.orgs.copilot.billing.seats,2026-07-18,batch-2026-09-04,MOCK
2026-07-17,aisha-rahman,39005316,2026-06-01T00:00:00Z,2026-07-17T14:00:00Z,vscode,enterprise,,2026-09-04T18:00:00Z,AI-FinOps-MOCK,github.orgs.copilot.billing.seats,2026-07-17,batch-2026-09-04,MOCK
2026-07-17,marco-silva,28229179,2026-06-01T00:00:00Z,2026-07-17T14:00:00Z,jetbrains,enterprise,,2026-09-04T18:00:00Z,AI-FinOps-MOCK,github.orgs.copilot.billing.seats,2026-07-17,batch-2026-09-04,MOCK
2026-07-17,jenny-oyelaran,95141661,2026-06-01T00:00:00Z,2026-07-17T14:00:00Z,jetbrains,enterprise,,2026-09-04T18:00:00Z,AI-FinOps-MOCK,github.orgs.copilot.billing.seats,2026-07-17,batch-2026-09-04,MOCK
2026-07-17,dev-patel,76731252,2026-06-01T00:00:00Z,,,enterprise,,2026-09-04T18:00:00Z,AI-FinOps-MOCK,github.orgs.copilot.billing.seats,2026-07-17,batch-2026-09-04,MOCK
2026-07-17,sam-chen,86211158,2026-06-01T00:00:00Z,2026-07-17T14:00:00Z,vscode,enterprise,,2026-09-04T18:00:00Z,AI-FinOps-MOCK,github.orgs.copilot.billing.seats,2026-07-17,batch-2026-09-04,MOCK
2026-07-17,robin-hale,61547237,2026-06-01T00:00:00Z,2026-07-17T14:00:00Z,visualstudio,enterprise,,2026-09-04T18:00:00Z,AI-FinOps-MOCK,github.orgs.copilot.billing.seats,2026-07-17,batch-2026-09-04,MOCK
2026-07-17,lee-novak,59626499,2026-06-01T00:00:00Z,2026-07-17T14:00:00Z,vscode,enterprise,,2026-09-04T18:00:00Z,AI-FinOps-MOCK,github.orgs.copilot.billing.seats,2026-07-17,batch-2026-09-04,MOCK
2026-07-17,kim-arroyo,30027017,2026-06-01T00:00:00Z,,,enterprise,,2026-09-04T18:00:00Z,AI-FinOps-MOCK,github.orgs.copilot.billing.seats,2026-07-17,batch-2026-09-04,MOCK
2026-07-16,aisha-rahman,39005316,2026-06-01T00:00:00Z,2026-07-16T14:00:00Z,vscode,enterprise,,2026-09-04T18:00:00Z,AI-FinOps-MOCK,github.orgs.copilot.billing.seats,2026-07-16,batch-2026-09-04,MOCK
2026-07-16,marco-silva,28229179,2026-06-01T00:00:00Z,2026-07-16T14:00:00Z,visualstudio,enterprise,,2026-09-04T18:00:00Z,AI-FinOps-MOCK,github.orgs.copilot.billing.seats,2026-07-16,batch-2026-09-04,MOCK
2026-07-16,jenny-oyelaran,95141661,2026-06-01T00:00:00Z,,,enterprise,,2026-09-04T18:00:00Z,AI-FinOps-MOCK,github.orgs.copilot.billing.seats,2026-07-16,batch-2026-09-04,MOCK
2026-07-16,dev-patel,76731252,2026-06-01T00:00:00Z,,,enterprise,,2026-09-04T18:00:00Z,AI-FinOps-MOCK,github.orgs.copilot.billing.seats,2026-07-16,batch-2026-09-04,MOCK
2026-07-16,sam-chen,86211158,2026-06-01T00:00:00Z,2026-07-16T14:00:00Z,visualstudio,enterprise,,2026-09-04T18:00:00Z,AI-FinOps-MOCK,github.orgs.copilot.billing.seats,2026-07-16,batch-2026-09-04,MOCK
2026-07-16,robin-hale,61547237,2026-06-01T00:00:00Z,2026-07-16T14:00:00Z,vscode,enterprise,,2026-09-04T18:00:00Z,AI-FinOps-MOCK,github.orgs.copilot.billing.seats,2026-07-16,batch-2026-09-04,MOCK
2026-07-16,lee-novak,59626499,2026-06-01T00:00:00Z,2026-07-16T14:00:00Z,jetbrains,enterprise,,2026-09-04T18:00:00Z,AI-FinOps-MOCK,github.orgs.copilot.billing.seats,2026-07-16,batch-2026-09-04,MOCK
2026-07-16,kim-arroyo,30027017,2026-06-01T00:00:00Z,2026-07-16T14:00:00Z,visualstudio,enterprise,,2026-09-04T18:00:00Z,AI-FinOps-MOCK,github.orgs.copilot.billing.seats,2026-07-16,batch-2026-09-04,MOCK
2026-07-15,aisha-rahman,39005316,2026-06-01T00:00:00Z,2026-07-15T14:00:00Z,vscode,enterprise,,2026-09-04T18:00:00Z,AI-FinOps-MOCK,github.orgs.copilot.billing.seats,2026-07-15,batch-2026-09-04,MOCK
2026-07-15,marco-silva,28229179,2026-06-01T00:00:00Z,2026-07-15T14:00:00Z,jetbrains,enterprise,,2026-09-04T18:00:00Z,AI-FinOps-MOCK,github.orgs.copilot.billing.seats,2026-07-15,batch-2026-09-04,MOCK
2026-07-15,jenny-oyelaran,95141661,2026-06-01T00:00:00Z,2026-07-15T14:00:00Z,vscode,enterprise,,2026-09-04T18:00:00Z,AI-FinOps-MOCK,github.orgs.copilot.billing.seats,2026-07-15,batch-2026-09-04,MOCK
2026-07-15,dev-patel,76731252,2026-06-01T00:00:00Z,2026-07-15T14:00:00Z,vscode,enterprise,,2026-09-04T18:00:00Z,AI-FinOps-MOCK,github.orgs.copilot.billing.seats,2026-07-15,batch-2026-09-04,MOCK
2026-07-15,sam-chen,86211158,2026-06-01T00:00:00Z,2026-07-15T14:00:00Z,vscode,enterprise,,2026-09-04T18:00:00Z,AI-FinOps-MOCK,github.orgs.copilot.billing.seats,2026-07-15,batch-2026-09-04,MOCK
2026-07-15,robin-hale,61547237,2026-06-01T00:00:00Z,2026-07-15T14:00:00Z,jetbrains,enterprise,,2026-09-04T18:00:00Z,AI-FinOps-MOCK,github.orgs.copilot.billing.seats,2026-07-15,batch-2026-09-04,MOCK
2026-07-15,lee-novak,59626499,2026-06-01T00:00:00Z,2026-07-15T14:00:00Z,jetbrains,enterprise,,2026-09-04T18:00:00Z,AI-FinOps-MOCK,github.orgs.copilot.billing.seats,2026-07-15,batch-2026-09-04,MOCK
2026-07-15,kim-arroyo,30027017,2026-06-01T00:00:00Z,2026-07-15T14:00:00Z,jetbrains,enterprise,,2026-09-04T18:00:00Z,AI-FinOps-MOCK,github.orgs.copilot.billing.seats,2026-07-15,batch-2026-09-04,MOCK
2026-07-14,aisha-rahman,39005316,2026-06-01T00:00:00Z,2026-07-14T14:00:00Z,jetbrains,enterprise,,2026-09-04T18:00:00Z,AI-FinOps-MOCK,github.orgs.copilot.billing.seats,2026-07-14,batch-2026-09-04,MOCK
2026-07-14,marco-silva,28229179,2026-06-01T00:00:00Z,2026-07-14T14:00:00Z,visualstudio,enterprise,,2026-09-04T18:00:00Z,AI-FinOps-MOCK,github.orgs.copilot.billing.seats,2026-07-14,batch-2026-09-04,MOCK
2026-07-14,jenny-oyelaran,95141661,2026-06-01T00:00:00Z,2026-07-14T14:00:00Z,vscode,enterprise,,2026-09-04T18:00:00Z,AI-FinOps-MOCK,github.orgs.copilot.billing.seats,2026-07-14,batch-2026-09-04,MOCK
2026-07-14,dev-patel,76731252,2026-06-01T00:00:00Z,2026-07-14T14:00:00Z,visualstudio,enterprise,,2026-09-04T18:00:00Z,AI-FinOps-MOCK,github.orgs.copilot.billing.seats,2026-07-14,batch-2026-09-04,MOCK
2026-07-14,sam-chen,86211158,2026-06-01T00:00:00Z,2026-07-14T14:00:00Z,jetbrains,enterprise,,2026-09-04T18:00:00Z,AI-FinOps-MOCK,github.orgs.copilot.billing.seats,2026-07-14,batch-2026-09-04,MOCK
2026-07-14,robin-hale,61547237,2026-06-01T00:00:00Z,2026-07-14T14:00:00Z,jetbrains,enterprise,,2026-09-04T18:00:00Z,AI-FinOps-MOCK,github.orgs.copilot.billing.seats,2026-07-14,batch-2026-09-04,MOCK
2026-07-14,lee-novak,59626499,2026-06-01T00:00:00Z,2026-07-14T14:00:00Z,jetbrains,enterprise,,2026-09-04T18:00:00Z,AI-FinOps-MOCK,github.orgs.copilot.billing.seats,2026-07-14,batch-2026-09-04,MOCK
2026-07-14,kim-arroyo,30027017,2026-06-01T00:00:00Z,2026-07-14T14:00:00Z,vscode,enterprise,,2026-09-04T18:00:00Z,AI-FinOps-MOCK,github.orgs.copilot.billing.seats,2026-07-14,batch-2026-09-04,MOCK
2026-07-13,aisha-rahman,39005316,2026-06-01T00:00:00Z,2026-07-13T14:00:00Z,vscode,enterprise,,2026-09-04T18:00:00Z,AI-FinOps-MOCK,github.orgs.copilot.billing.seats,2026-07-13,batch-2026-09-04,MOCK
2026-07-13,marco-silva,28229179,2026-06-01T00:00:00Z,,,enterprise,,2026-09-04T18:00:00Z,AI-FinOps-MOCK,github.orgs.copilot.billing.seats,2026-07-13,batch-2026-09-04,MOCK
2026-07-13,jenny-oyelaran,95141661,2026-06-01T00:00:00Z,2026-07-13T14:00:00Z,jetbrains,enterprise,,2026-09-04T18:00:00Z,AI-FinOps-MOCK,github.orgs.copilot.billing.seats,2026-07-13,batch-2026-09-04,MOCK
2026-07-13,dev-patel,76731252,2026-06-01T00:00:00Z,2026-07-13T14:00:00Z,visualstudio,enterprise,,2026-09-04T18:00:00Z,AI-FinOps-MOCK,github.orgs.copilot.billing.seats,2026-07-13,batch-2026-09-04,MOCK
2026-07-13,sam-chen,86211158,2026-06-01T00:00:00Z,2026-07-13T14:00:00Z,visualstudio,enterprise,,2026-09-04T18:00:00Z,AI-FinOps-MOCK,github.orgs.copilot.billing.seats,2026-07-13,batch-2026-09-04,MOCK
2026-07-13,robin-hale,61547237,2026-06-01T00:00:00Z,2026-07-13T14:00:00Z,vscode,enterprise,,2026-09-04T18:00:00Z,AI-FinOps-MOCK,github.orgs.copilot.billing.seats,2026-07-13,batch-2026-09-04,MOCK
2026-07-13,lee-novak,59626499,2026-06-01T00:00:00Z,2026-07-13T14:00:00Z,visualstudio,enterprise,,2026-09-04T18:00:00Z,AI-FinOps-MOCK,github.orgs.copilot.billing.seats,2026-07-13,batch-2026-09-04,MOCK
2026-07-13,kim-arroyo,30027017,2026-06-01T00:00:00Z,,,enterprise,,2026-09-04T18:00:00Z,AI-FinOps-MOCK,github.orgs.copilot.billing.seats,2026-07-13,batch-2026-09-04,MOCK
2026-07-12,aisha-rahman,39005316,2026-06-01T00:00:00Z,2026-07-12T14:00:00Z,jetbrains,enterprise,,2026-09-04T18:00:00Z,AI-FinOps-MOCK,github.orgs.copilot.billing.seats,2026-07-12,batch-2026-09-04,MOCK
2026-07-12,marco-silva,28229179,2026-06-01T00:00:00Z,2026-07-12T14:00:00Z,visualstudio,enterprise,,2026-09-04T18:00:00Z,AI-FinOps-MOCK,github.orgs.copilot.billing.seats,2026-07-12,batch-2026-09-04,MOCK
2026-07-12,jenny-oyelaran,95141661,2026-06-01T00:00:00Z,2026-07-12T14:00:00Z,vscode,enterprise,,2026-09-04T18:00:00Z,AI-FinOps-MOCK,github.orgs.copilot.billing.seats,2026-07-12,batch-2026-09-04,MOCK
2026-07-12,dev-patel,76731252,2026-06-01T00:00:00Z,,,enterprise,,2026-09-04T18:00:00Z,AI-FinOps-MOCK,github.orgs.copilot.billing.seats,2026-07-12,batch-2026-09-04,MOCK
2026-07-12,sam-chen,86211158,2026-06-01T00:00:00Z,2026-07-12T14:00:00Z,vscode,enterprise,,2026-09-04T18:00:00Z,AI-FinOps-MOCK,github.orgs.copilot.billing.seats,2026-07-12,batch-2026-09-04,MOCK
2026-07-12,robin-hale,61547237,2026-06-01T00:00:00Z,2026-07-12T14:00:00Z,vscode,enterprise,,2026-09-04T18:00:00Z,AI-FinOps-MOCK,github.orgs.copilot.billing.seats,2026-07-12,batch-2026-09-04,MOCK
2026-07-12,lee-novak,59626499,2026-06-01T00:00:00Z,2026-07-12T14:00:00Z,vscode,enterprise,,2026-09-04T18:00:00Z,AI-FinOps-MOCK,github.orgs.copilot.billing.seats,2026-07-12,batch-2026-09-04,MOCK
2026-07-12,kim-arroyo,30027017,2026-06-01T00:00:00Z,2026-07-12T14:00:00Z,vscode,enterprise,,2026-09-04T18:00:00Z,AI-FinOps-MOCK,github.orgs.copilot.billing.seats,2026-07-12,batch-2026-09-04,MOCK
2026-07-11,aisha-rahman,39005316,2026-06-01T00:00:00Z,2026-07-11T14:00:00Z,jetbrains,enterprise,,2026-09-04T18:00:00Z,AI-FinOps-MOCK,github.orgs.copilot.billing.seats,2026-07-11,batch-2026-09-04,MOCK
2026-07-11,marco-silva,28229179,2026-06-01T00:00:00Z,2026-07-11T14:00:00Z,visualstudio,enterprise,,2026-09-04T18:00:00Z,AI-FinOps-MOCK,github.orgs.copilot.billing.seats,2026-07-11,batch-2026-09-04,MOCK
2026-07-11,jenny-oyelaran,95141661,2026-06-01T00:00:00Z,2026-07-11T14:00:00Z,jetbrains,enterprise,,2026-09-04T18:00:00Z,AI-FinOps-MOCK,github.orgs.copilot.billing.seats,2026-07-11,batch-2026-09-04,MOCK
2026-07-11,dev-patel,76731252,2026-06-01T00:00:00Z,2026-07-11T14:00:00Z,vscode,enterprise,,2026-09-04T18:00:00Z,AI-FinOps-MOCK,github.orgs.copilot.billing.seats,2026-07-11,batch-2026-09-04,MOCK
2026-07-11,sam-chen,86211158,2026-06-01T00:00:00Z,2026-07-11T14:00:00Z,vscode,enterprise,,2026-09-04T18:00:00Z,AI-FinOps-MOCK,github.orgs.copilot.billing.seats,2026-07-11,batch-2026-09-04,MOCK
2026-07-11,robin-hale,61547237,2026-06-01T00:00:00Z,2026-07-11T14:00:00Z,vscode,enterprise,,2026-09-04T18:00:00Z,AI-FinOps-MOCK,github.orgs.copilot.billing.seats,2026-07-11,batch-2026-09-04,MOCK
2026-07-11,lee-novak,59626499,2026-06-01T00:00:00Z,2026-07-11T14:00:00Z,visualstudio,enterprise,,2026-09-04T18:00:00Z,AI-FinOps-MOCK,github.orgs.copilot.billing.seats,2026-07-11,batch-2026-09-04,MOCK
2026-07-11,kim-arroyo,30027017,2026-06-01T00:00:00Z,2026-07-11T14:00:00Z,visualstudio,enterprise,,2026-09-04T18:00:00Z,AI-FinOps-MOCK,github.orgs.copilot.billing.seats,2026-07-11,batch-2026-09-04,MOCK
2026-07-10,aisha-rahman,39005316,2026-06-01T00:00:00Z,2026-07-10T14:00:00Z,vscode,enterprise,,2026-09-04T18:00:00Z,AI-FinOps-MOCK,github.orgs.copilot.billing.seats,2026-07-10,batch-2026-09-04,MOCK
2026-07-10,marco-silva,28229179,2026-06-01T00:00:00Z,2026-07-10T14:00:00Z,vscode,enterprise,,2026-09-04T18:00:00Z,AI-FinOps-MOCK,github.orgs.copilot.billing.seats,2026-07-10,batch-2026-09-04,MOCK
2026-07-10,jenny-oyelaran,95141661,2026-06-01T00:00:00Z,2026-07-10T14:00:00Z,vscode,enterprise,,2026-09-04T18:00:00Z,AI-FinOps-MOCK,github.orgs.copilot.billing.seats,2026-07-10,batch-2026-09-04,MOCK
2026-07-10,dev-patel,76731252,2026-06-01T00:00:00Z,,,enterprise,,2026-09-04T18:00:00Z,AI-FinOps-MOCK,github.orgs.copilot.billing.seats,2026-07-10,batch-2026-09-04,MOCK
2026-07-10,sam-chen,86211158,2026-06-01T00:00:00Z,2026-07-10T14:00:00Z,jetbrains,enterprise,,2026-09-04T18:00:00Z,AI-FinOps-MOCK,github.orgs.copilot.billing.seats,2026-07-10,batch-2026-09-04,MOCK
2026-07-10,robin-hale,61547237,2026-06-01T00:00:00Z,2026-07-10T14:00:00Z,jetbrains,enterprise,,2026-09-04T18:00:00Z,AI-FinOps-MOCK,github.orgs.copilot.billing.seats,2026-07-10,batch-2026-09-04,MOCK
2026-07-10,lee-novak,59626499,2026-06-01T00:00:00Z,2026-07-10T14:00:00Z,visualstudio,enterprise,,2026-09-04T18:00:00Z,AI-FinOps-MOCK,github.orgs.copilot.billing.seats,2026-07-10,batch-2026-09-04,MOCK
2026-07-10,kim-arroyo,30027017,2026-06-01T00:00:00Z,2026-07-10T14:00:00Z,jetbrains,enterprise,,2026-09-04T18:00:00Z,AI-FinOps-MOCK,github.orgs.copilot.billing.seats,2026-07-10,batch-2026-09-04,MOCK
2026-07-09,aisha-rahman,39005316,2026-06-01T00:00:00Z,2026-07-09T14:00:00Z,visualstudio,enterprise,,2026-09-04T18:00:00Z,AI-FinOps-MOCK,github.orgs.copilot.billing.seats,2026-07-09,batch-2026-09-04,MOCK
2026-07-09,marco-silva,28229179,2026-06-01T00:00:00Z,2026-07-09T14:00:00Z,visualstudio,enterprise,,2026-09-04T18:00:00Z,AI-FinOps-MOCK,github.orgs.copilot.billing.seats,2026-07-09,batch-2026-09-04,MOCK
2026-07-09,jenny-oyelaran,95141661,2026-06-01T00:00:00Z,2026-07-09T14:00:00Z,visualstudio,enterprise,,2026-09-04T18:00:00Z,AI-FinOps-MOCK,github.orgs.copilot.billing.seats,2026-07-09,batch-2026-09-04,MOCK
2026-07-09,dev-patel,76731252,2026-06-01T00:00:00Z,2026-07-09T14:00:00Z,vscode,enterprise,,2026-09-04T18:00:00Z,AI-FinOps-MOCK,github.orgs.copilot.billing.seats,2026-07-09,batch-2026-09-04,MOCK
2026-07-09,sam-chen,86211158,2026-06-01T00:00:00Z,2026-07-09T14:00:00Z,jetbrains,enterprise,,2026-09-04T18:00:00Z,AI-FinOps-MOCK,github.orgs.copilot.billing.seats,2026-07-09,batch-2026-09-04,MOCK
2026-07-09,robin-hale,61547237,2026-06-01T00:00:00Z,2026-07-09T14:00:00Z,jetbrains,enterprise,,2026-09-04T18:00:00Z,AI-FinOps-MOCK,github.orgs.copilot.billing.seats,2026-07-09,batch-2026-09-04,MOCK
2026-07-09,lee-novak,59626499,2026-06-01T00:00:00Z,,,enterprise,,2026-09-04T18:00:00Z,AI-FinOps-MOCK,github.orgs.copilot.billing.seats,2026-07-09,batch-2026-09-04,MOCK
2026-07-09,kim-arroyo,30027017,2026-06-01T00:00:00Z,2026-07-09T14:00:00Z,visualstudio,enterprise,,2026-09-04T18:00:00Z,AI-FinOps-MOCK,github.orgs.copilot.billing.seats,2026-07-09,batch-2026-09-04,MOCK
2026-07-08,aisha-rahman,39005316,2026-06-01T00:00:00Z,2026-07-08T14:00:00Z,jetbrains,enterprise,,2026-09-04T18:00:00Z,AI-FinOps-MOCK,github.orgs.copilot.billing.seats,2026-07-08,batch-2026-09-04,MOCK
2026-07-08,marco-silva,28229179,2026-06-01T00:00:00Z,2026-07-08T14:00:00Z,vscode,enterprise,,2026-09-04T18:00:00Z,AI-FinOps-MOCK,github.orgs.copilot.billing.seats,2026-07-08,batch-2026-09-04,MOCK
2026-07-08,jenny-oyelaran,95141661,2026-06-01T00:00:00Z,,,enterprise,,2026-09-04T18:00:00Z,AI-FinOps-MOCK,github.orgs.copilot.billing.seats,2026-07-08,batch-2026-09-04,MOCK
2026-07-08,dev-patel,76731252,2026-06-01T00:00:00Z,2026-07-08T14:00:00Z,jetbrains,enterprise,,2026-09-04T18:00:00Z,AI-FinOps-MOCK,github.orgs.copilot.billing.seats,2026-07-08,batch-2026-09-04,MOCK
2026-07-08,sam-chen,86211158,2026-06-01T00:00:00Z,2026-07-08T14:00:00Z,jetbrains,enterprise,,2026-09-04T18:00:00Z,AI-FinOps-MOCK,github.orgs.copilot.billing.seats,2026-07-08,batch-2026-09-04,MOCK
2026-07-08,robin-hale,61547237,2026-06-01T00:00:00Z,,,enterprise,,2026-09-04T18:00:00Z,AI-FinOps-MOCK,github.orgs.copilot.billing.seats,2026-07-08,batch-2026-09-04,MOCK
2026-07-08,lee-novak,59626499,2026-06-01T00:00:00Z,2026-07-08T14:00:00Z,vscode,enterprise,,2026-09-04T18:00:00Z,AI-FinOps-MOCK,github.orgs.copilot.billing.seats,2026-07-08,batch-2026-09-04,MOCK
2026-07-08,kim-arroyo,30027017,2026-06-01T00:00:00Z,2026-07-08T14:00:00Z,jetbrains,enterprise,,2026-09-04T18:00:00Z,AI-FinOps-MOCK,github.orgs.copilot.billing.seats,2026-07-08,batch-2026-09-04,MOCK
2026-07-07,aisha-rahman,39005316,2026-06-01T00:00:00Z,2026-07-07T14:00:00Z,jetbrains,enterprise,,2026-09-04T18:00:00Z,AI-FinOps-MOCK,github.orgs.copilot.billing.seats,2026-07-07,batch-2026-09-04,MOCK
2026-07-07,marco-silva,28229179,2026-06-01T00:00:00Z,,,enterprise,,2026-09-04T18:00:00Z,AI-FinOps-MOCK,github.orgs.copilot.billing.seats,2026-07-07,batch-2026-09-04,MOCK
2026-07-07,jenny-oyelaran,95141661,2026-06-01T00:00:00Z,2026-07-07T14:00:00Z,visualstudio,enterprise,,2026-09-04T18:00:00Z,AI-FinOps-MOCK,github.orgs.copilot.billing.seats,2026-07-07,batch-2026-09-04,MOCK
2026-07-07,dev-patel,76731252,2026-06-01T00:00:00Z,2026-07-07T14:00:00Z,jetbrains,enterprise,,2026-09-04T18:00:00Z,AI-FinOps-MOCK,github.orgs.copilot.billing.seats,2026-07-07,batch-2026-09-04,MOCK
2026-07-07,sam-chen,86211158,2026-06-01T00:00:00Z,2026-07-07T14:00:00Z,jetbrains,enterprise,,2026-09-04T18:00:00Z,AI-FinOps-MOCK,github.orgs.copilot.billing.seats,2026-07-07,batch-2026-09-04,MOCK
2026-07-07,robin-hale,61547237,2026-06-01T00:00:00Z,2026-07-07T14:00:00Z,jetbrains,enterprise,,2026-09-04T18:00:00Z,AI-FinOps-MOCK,github.orgs.copilot.billing.seats,2026-07-07,batch-2026-09-04,MOCK
2026-07-07,lee-novak,59626499,2026-06-01T00:00:00Z,,,enterprise,,2026-09-04T18:00:00Z,AI-FinOps-MOCK,github.orgs.copilot.billing.seats,2026-07-07,batch-2026-09-04,MOCK
2026-07-07,kim-arroyo,30027017,2026-06-01T00:00:00Z,2026-07-07T14:00:00Z,vscode,enterprise,,2026-09-04T18:00:00Z,AI-FinOps-MOCK,github.orgs.copilot.billing.seats,2026-07-07,batch-2026-09-04,MOCK
2026-07-06,aisha-rahman,39005316,2026-06-01T00:00:00Z,2026-07-06T14:00:00Z,vscode,enterprise,,2026-09-04T18:00:00Z,AI-FinOps-MOCK,github.orgs.copilot.billing.seats,2026-07-06,batch-2026-09-04,MOCK
2026-07-06,marco-silva,28229179,2026-06-01T00:00:00Z,2026-07-06T14:00:00Z,vscode,enterprise,,2026-09-04T18:00:00Z,AI-FinOps-MOCK,github.orgs.copilot.billing.seats,2026-07-06,batch-2026-09-04,MOCK
2026-07-06,jenny-oyelaran,95141661,2026-06-01T00:00:00Z,2026-07-06T14:00:00Z,vscode,enterprise,,2026-09-04T18:00:00Z,AI-FinOps-MOCK,github.orgs.copilot.billing.seats,2026-07-06,batch-2026-09-04,MOCK
2026-07-06,dev-patel,76731252,2026-06-01T00:00:00Z,,,enterprise,,2026-09-04T18:00:00Z,AI-FinOps-MOCK,github.orgs.copilot.billing.seats,2026-07-06,batch-2026-09-04,MOCK
2026-07-06,sam-chen,86211158,2026-06-01T00:00:00Z,2026-07-06T14:00:00Z,visualstudio,enterprise,,2026-09-04T18:00:00Z,AI-FinOps-MOCK,github.orgs.copilot.billing.seats,2026-07-06,batch-2026-09-04,MOCK
2026-07-06,robin-hale,61547237,2026-06-01T00:00:00Z,2026-07-06T14:00:00Z,vscode,enterprise,,2026-09-04T18:00:00Z,AI-FinOps-MOCK,github.orgs.copilot.billing.seats,2026-07-06,batch-2026-09-04,MOCK
2026-07-06,lee-novak,59626499,2026-06-01T00:00:00Z,2026-07-06T14:00:00Z,jetbrains,enterprise,,2026-09-04T18:00:00Z,AI-FinOps-MOCK,github.orgs.copilot.billing.seats,2026-07-06,batch-2026-09-04,MOCK
2026-07-06,kim-arroyo,30027017,2026-06-01T00:00:00Z,2026-07-06T14:00:00Z,vscode,enterprise,,2026-09-04T18:00:00Z,AI-FinOps-MOCK,github.orgs.copilot.billing.seats,2026-07-06,batch-2026-09-04,MOCK
2026-07-05,aisha-rahman,39005316,2026-06-01T00:00:00Z,2026-07-05T14:00:00Z,vscode,enterprise,,2026-09-04T18:00:00Z,AI-FinOps-MOCK,github.orgs.copilot.billing.seats,2026-07-05,batch-2026-09-04,MOCK
2026-07-05,marco-silva,28229179,2026-06-01T00:00:00Z,2026-07-05T14:00:00Z,visualstudio,enterprise,,2026-09-04T18:00:00Z,AI-FinOps-MOCK,github.orgs.copilot.billing.seats,2026-07-05,batch-2026-09-04,MOCK
2026-07-05,jenny-oyelaran,95141661,2026-06-01T00:00:00Z,,,enterprise,,2026-09-04T18:00:00Z,AI-FinOps-MOCK,github.orgs.copilot.billing.seats,2026-07-05,batch-2026-09-04,MOCK
2026-07-05,dev-patel,76731252,2026-06-01T00:00:00Z,2026-07-05T14:00:00Z,jetbrains,enterprise,,2026-09-04T18:00:00Z,AI-FinOps-MOCK,github.orgs.copilot.billing.seats,2026-07-05,batch-2026-09-04,MOCK
2026-07-05,sam-chen,86211158,2026-06-01T00:00:00Z,2026-07-05T14:00:00Z,vscode,enterprise,,2026-09-04T18:00:00Z,AI-FinOps-MOCK,github.orgs.copilot.billing.seats,2026-07-05,batch-2026-09-04,MOCK
2026-07-05,robin-hale,61547237,2026-06-01T00:00:00Z,2026-07-05T14:00:00Z,jetbrains,enterprise,,2026-09-04T18:00:00Z,AI-FinOps-MOCK,github.orgs.copilot.billing.seats,2026-07-05,batch-2026-09-04,MOCK
2026-07-05,lee-novak,59626499,2026-06-01T00:00:00Z,2026-07-05T14:00:00Z,jetbrains,enterprise,,2026-09-04T18:00:00Z,AI-FinOps-MOCK,github.orgs.copilot.billing.seats,2026-07-05,batch-2026-09-04,MOCK
2026-07-05,kim-arroyo,30027017,2026-06-01T00:00:00Z,2026-07-05T14:00:00Z,jetbrains,enterprise,,2026-09-04T18:00:00Z,AI-FinOps-MOCK,github.orgs.copilot.billing.seats,2026-07-05,batch-2026-09-04,MOCK
2026-07-04,aisha-rahman,39005316,2026-06-01T00:00:00Z,,,enterprise,,2026-09-04T18:00:00Z,AI-FinOps-MOCK,github.orgs.copilot.billing.seats,2026-07-04,batch-2026-09-04,MOCK
2026-07-04,marco-silva,28229179,2026-06-01T00:00:00Z,2026-07-04T14:00:00Z,visualstudio,enterprise,,2026-09-04T18:00:00Z,AI-FinOps-MOCK,github.orgs.copilot.billing.seats,2026-07-04,batch-2026-09-04,MOCK
2026-07-04,jenny-oyelaran,95141661,2026-06-01T00:00:00Z,2026-07-04T14:00:00Z,jetbrains,enterprise,,2026-09-04T18:00:00Z,AI-FinOps-MOCK,github.orgs.copilot.billing.seats,2026-07-04,batch-2026-09-04,MOCK
2026-07-04,dev-patel,76731252,2026-06-01T00:00:00Z,2026-07-04T14:00:00Z,jetbrains,enterprise,,2026-09-04T18:00:00Z,AI-FinOps-MOCK,github.orgs.copilot.billing.seats,2026-07-04,batch-2026-09-04,MOCK
2026-07-04,sam-chen,86211158,2026-06-01T00:00:00Z,,,enterprise,,2026-09-04T18:00:00Z,AI-FinOps-MOCK,github.orgs.copilot.billing.seats,2026-07-04,batch-2026-09-04,MOCK
2026-07-04,robin-hale,61547237,2026-06-01T00:00:00Z,2026-07-04T14:00:00Z,vscode,enterprise,,2026-09-04T18:00:00Z,AI-FinOps-MOCK,github.orgs.copilot.billing.seats,2026-07-04,batch-2026-09-04,MOCK
2026-07-04,lee-novak,59626499,2026-06-01T00:00:00Z,2026-07-04T14:00:00Z,visualstudio,enterprise,,2026-09-04T18:00:00Z,AI-FinOps-MOCK,github.orgs.copilot.billing.seats,2026-07-04,batch-2026-09-04,MOCK
2026-07-04,kim-arroyo,30027017,2026-06-01T00:00:00Z,2026-07-04T14:00:00Z,jetbrains,enterprise,,2026-09-04T18:00:00Z,AI-FinOps-MOCK,github.orgs.copilot.billing.seats,2026-07-04,batch-2026-09-04,MOCK
2026-07-03,aisha-rahman,39005316,2026-06-01T00:00:00Z,2026-07-03T14:00:00Z,jetbrains,enterprise,,2026-09-04T18:00:00Z,AI-FinOps-MOCK,github.orgs.copilot.billing.seats,2026-07-03,batch-2026-09-04,MOCK
2026-07-03,marco-silva,28229179,2026-06-01T00:00:00Z,2026-07-03T14:00:00Z,jetbrains,enterprise,,2026-09-04T18:00:00Z,AI-FinOps-MOCK,github.orgs.copilot.billing.seats,2026-07-03,batch-2026-09-04,MOCK
2026-07-03,jenny-oyelaran,95141661,2026-06-01T00:00:00Z,2026-07-03T14:00:00Z,jetbrains,enterprise,,2026-09-04T18:00:00Z,AI-FinOps-MOCK,github.orgs.copilot.billing.seats,2026-07-03,batch-2026-09-04,MOCK
2026-07-03,dev-patel,76731252,2026-06-01T00:00:00Z,,,enterprise,,2026-09-04T18:00:00Z,AI-FinOps-MOCK,github.orgs.copilot.billing.seats,2026-07-03,batch-2026-09-04,MOCK
2026-07-03,sam-chen,86211158,2026-06-01T00:00:00Z,2026-07-03T14:00:00Z,vscode,enterprise,,2026-09-04T18:00:00Z,AI-FinOps-MOCK,github.orgs.copilot.billing.seats,2026-07-03,batch-2026-09-04,MOCK
2026-07-03,robin-hale,61547237,2026-06-01T00:00:00Z,,,enterprise,,2026-09-04T18:00:00Z,AI-FinOps-MOCK,github.orgs.copilot.billing.seats,2026-07-03,batch-2026-09-04,MOCK
2026-07-03,lee-novak,59626499,2026-06-01T00:00:00Z,,,enterprise,,2026-09-04T18:00:00Z,AI-FinOps-MOCK,github.orgs.copilot.billing.seats,2026-07-03,batch-2026-09-04,MOCK
2026-07-03,kim-arroyo,30027017,2026-06-01T00:00:00Z,2026-07-03T14:00:00Z,vscode,enterprise,,2026-09-04T18:00:00Z,AI-FinOps-MOCK,github.orgs.copilot.billing.seats,2026-07-03,batch-2026-09-04,MOCK
2026-07-02,aisha-rahman,39005316,2026-06-01T00:00:00Z,2026-07-02T14:00:00Z,jetbrains,enterprise,,2026-09-04T18:00:00Z,AI-FinOps-MOCK,github.orgs.copilot.billing.seats,2026-07-02,batch-2026-09-04,MOCK
2026-07-02,marco-silva,28229179,2026-06-01T00:00:00Z,2026-07-02T14:00:00Z,visualstudio,enterprise,,2026-09-04T18:00:00Z,AI-FinOps-MOCK,github.orgs.copilot.billing.seats,2026-07-02,batch-2026-09-04,MOCK
2026-07-02,jenny-oyelaran,95141661,2026-06-01T00:00:00Z,,,enterprise,,2026-09-04T18:00:00Z,AI-FinOps-MOCK,github.orgs.copilot.billing.seats,2026-07-02,batch-2026-09-04,MOCK
2026-07-02,dev-patel,76731252,2026-06-01T00:00:00Z,,,enterprise,,2026-09-04T18:00:00Z,AI-FinOps-MOCK,github.orgs.copilot.billing.seats,2026-07-02,batch-2026-09-04,MOCK
2026-07-02,sam-chen,86211158,2026-06-01T00:00:00Z,,,enterprise,,2026-09-04T18:00:00Z,AI-FinOps-MOCK,github.orgs.copilot.billing.seats,2026-07-02,batch-2026-09-04,MOCK
2026-07-02,robin-hale,61547237,2026-06-01T00:00:00Z,,,enterprise,,2026-09-04T18:00:00Z,AI-FinOps-MOCK,github.orgs.copilot.billing.seats,2026-07-02,batch-2026-09-04,MOCK
2026-07-02,lee-novak,59626499,2026-06-01T00:00:00Z,2026-07-02T14:00:00Z,vscode,enterprise,,2026-09-04T18:00:00Z,AI-FinOps-MOCK,github.orgs.copilot.billing.seats,2026-07-02,batch-2026-09-04,MOCK
2026-07-02,kim-arroyo,30027017,2026-06-01T00:00:00Z,2026-07-02T14:00:00Z,jetbrains,enterprise,,2026-09-04T18:00:00Z,AI-FinOps-MOCK,github.orgs.copilot.billing.seats,2026-07-02,batch-2026-09-04,MOCK
2026-07-01,aisha-rahman,39005316,2026-06-01T00:00:00Z,2026-07-01T14:00:00Z,vscode,enterprise,,2026-09-04T18:00:00Z,AI-FinOps-MOCK,github.orgs.copilot.billing.seats,2026-07-01,batch-2026-09-04,MOCK
2026-07-01,marco-silva,28229179,2026-06-01T00:00:00Z,,,enterprise,,2026-09-04T18:00:00Z,AI-FinOps-MOCK,github.orgs.copilot.billing.seats,2026-07-01,batch-2026-09-04,MOCK
2026-07-01,jenny-oyelaran,95141661,2026-06-01T00:00:00Z,2026-07-01T14:00:00Z,vscode,enterprise,,2026-09-04T18:00:00Z,AI-FinOps-MOCK,github.orgs.copilot.billing.seats,2026-07-01,batch-2026-09-04,MOCK
2026-07-01,dev-patel,76731252,2026-06-01T00:00:00Z,2026-07-01T14:00:00Z,jetbrains,enterprise,,2026-09-04T18:00:00Z,AI-FinOps-MOCK,github.orgs.copilot.billing.seats,2026-07-01,batch-2026-09-04,MOCK
2026-07-01,sam-chen,86211158,2026-06-01T00:00:00Z,2026-07-01T14:00:00Z,jetbrains,enterprise,,2026-09-04T18:00:00Z,AI-FinOps-MOCK,github.orgs.copilot.billing.seats,2026-07-01,batch-2026-09-04,MOCK
2026-07-01,robin-hale,61547237,2026-06-01T00:00:00Z,2026-07-01T14:00:00Z,jetbrains,enterprise,,2026-09-04T18:00:00Z,AI-FinOps-MOCK,github.orgs.copilot.billing.seats,2026-07-01,batch-2026-09-04,MOCK
2026-07-01,lee-novak,59626499,2026-06-01T00:00:00Z,2026-07-01T14:00:00Z,vscode,enterprise,,2026-09-04T18:00:00Z,AI-FinOps-MOCK,github.orgs.copilot.billing.seats,2026-07-01,batch-2026-09-04,MOCK
2026-07-01,kim-arroyo,30027017,2026-06-01T00:00:00Z,2026-07-01T14:00:00Z,visualstudio,enterprise,,2026-09-04T18:00:00Z,AI-FinOps-MOCK,github.orgs.copilot.billing.seats,2026-07-01,batch-2026-09-04,MOCK
2026-06-30,aisha-rahman,39005316,2026-06-01T00:00:00Z,2026-06-30T14:00:00Z,vscode,enterprise,,2026-09-04T18:00:00Z,AI-FinOps-MOCK,github.orgs.copilot.billing.seats,2026-06-30,batch-2026-09-04,MOCK
2026-06-30,marco-silva,28229179,2026-06-01T00:00:00Z,2026-06-30T14:00:00Z,jetbrains,enterprise,,2026-09-04T18:00:00Z,AI-FinOps-MOCK,github.orgs.copilot.billing.seats,2026-06-30,batch-2026-09-04,MOCK
2026-06-30,jenny-oyelaran,95141661,2026-06-01T00:00:00Z,,,enterprise,,2026-09-04T18:00:00Z,AI-FinOps-MOCK,github.orgs.copilot.billing.seats,2026-06-30,batch-2026-09-04,MOCK
2026-06-30,dev-patel,76731252,2026-06-01T00:00:00Z,2026-06-30T14:00:00Z,visualstudio,enterprise,,2026-09-04T18:00:00Z,AI-FinOps-MOCK,github.orgs.copilot.billing.seats,2026-06-30,batch-2026-09-04,MOCK
2026-06-30,sam-chen,86211158,2026-06-01T00:00:00Z,,,enterprise,,2026-09-04T18:00:00Z,AI-FinOps-MOCK,github.orgs.copilot.billing.seats,2026-06-30,batch-2026-09-04,MOCK
2026-06-30,robin-hale,61547237,2026-06-01T00:00:00Z,,,enterprise,,2026-09-04T18:00:00Z,AI-FinOps-MOCK,github.orgs.copilot.billing.seats,2026-06-30,batch-2026-09-04,MOCK
2026-06-30,lee-novak,59626499,2026-06-01T00:00:00Z,,,enterprise,,2026-09-04T18:00:00Z,AI-FinOps-MOCK,github.orgs.copilot.billing.seats,2026-06-30,batch-2026-09-04,MOCK
2026-06-30,kim-arroyo,30027017,2026-06-01T00:00:00Z,2026-06-30T14:00:00Z,visualstudio,enterprise,,2026-09-04T18:00:00Z,AI-FinOps-MOCK,github.orgs.copilot.billing.seats,2026-06-30,batch-2026-09-04,MOCK
