usage_date,environment_id,agent_id,agent_name,action_type,credit_rate,credits_consumed,cost_usd,session_count,owner_business_unit_key,_ingested_at,_source_system,_source_api,_watermark,_batch_id,_data_class
2026-08-28,ENV-PROD,hr-helpdesk-bot,HR Helpdesk Bot,classic_answer,1,4784,47.84,142,BU-TECH,2026-09-04T18:00:00Z,AI-FinOps-MOCK,powerplatform.admin / dataverse.conversationtranscript,2026-08-28,batch-2026-09-04,MOCK
2026-08-28,ENV-PROD,hr-helpdesk-bot,HR Helpdesk Bot,generative_answer,2,6914,69.14,194,BU-TECH,2026-09-04T18:00:00Z,AI-FinOps-MOCK,powerplatform.admin / dataverse.conversationtranscript,2026-08-28,batch-2026-09-04,MOCK
2026-08-28,ENV-PROD,hr-helpdesk-bot,HR Helpdesk Bot,agent_action,3,2623,26.23,52,BU-TECH,2026-09-04T18:00:00Z,AI-FinOps-MOCK,powerplatform.admin / dataverse.conversationtranscript,2026-08-28,batch-2026-09-04,MOCK
2026-08-28,ENV-PROD,claims-triage-agent,Claims Triage Agent,classic_answer,1,3546,35.46,42,BU-INSURANCE,2026-09-04T18:00:00Z,AI-FinOps-MOCK,powerplatform.admin / dataverse.conversationtranscript,2026-08-28,batch-2026-09-04,MOCK
2026-08-28,ENV-PROD,claims-triage-agent,Claims Triage Agent,generative_answer,2,6642,66.42,78,BU-INSURANCE,2026-09-04T18:00:00Z,AI-FinOps-MOCK,powerplatform.admin / dataverse.conversationtranscript,2026-08-28,batch-2026-09-04,MOCK
2026-08-28,ENV-PROD,claims-triage-agent,Claims Triage Agent,agent_action,3,6504,65.04,40,BU-INSURANCE,2026-09-04T18:00:00Z,AI-FinOps-MOCK,powerplatform.admin / dataverse.conversationtranscript,2026-08-28,batch-2026-09-04,MOCK
2026-08-28,ENV-PROD,store-ops-assistant,Store Ops Assistant,classic_answer,1,6819,68.19,17,BU-RETAIL,2026-09-04T18:00:00Z,AI-FinOps-MOCK,powerplatform.admin / dataverse.conversationtranscript,2026-08-28,batch-2026-09-04,MOCK
2026-08-28,ENV-PROD,store-ops-assistant,Store Ops Assistant,generative_answer,2,3244,32.44,119,BU-RETAIL,2026-09-04T18:00:00Z,AI-FinOps-MOCK,powerplatform.admin / dataverse.conversationtranscript,2026-08-28,batch-2026-09-04,MOCK
2026-08-28,ENV-PROD,store-ops-assistant,Store Ops Assistant,agent_action,3,2728,27.28,144,BU-RETAIL,2026-09-04T18:00:00Z,AI-FinOps-MOCK,powerplatform.admin / dataverse.conversationtranscript,2026-08-28,batch-2026-09-04,MOCK
2026-08-27,ENV-PROD,hr-helpdesk-bot,HR Helpdesk Bot,classic_answer,1,1023,10.23,77,BU-TECH,2026-09-04T18:00:00Z,AI-FinOps-MOCK,powerplatform.admin / dataverse.conversationtranscript,2026-08-27,batch-2026-09-04,MOCK
2026-08-27,ENV-PROD,hr-helpdesk-bot,HR Helpdesk Bot,generative_answer,2,6335,63.35,157,BU-TECH,2026-09-04T18:00:00Z,AI-FinOps-MOCK,powerplatform.admin / dataverse.conversationtranscript,2026-08-27,batch-2026-09-04,MOCK
2026-08-27,ENV-PROD,hr-helpdesk-bot,HR Helpdesk Bot,agent_action,3,5640,56.4,29,BU-TECH,2026-09-04T18:00:00Z,AI-FinOps-MOCK,powerplatform.admin / dataverse.conversationtranscript,2026-08-27,batch-2026-09-04,MOCK
2026-08-27,ENV-PROD,claims-triage-agent,Claims Triage Agent,classic_answer,1,4564,45.64,126,BU-INSURANCE,2026-09-04T18:00:00Z,AI-FinOps-MOCK,powerplatform.admin / dataverse.conversationtranscript,2026-08-27,batch-2026-09-04,MOCK
2026-08-27,ENV-PROD,claims-triage-agent,Claims Triage Agent,generative_answer,2,4684,46.84,102,BU-INSURANCE,2026-09-04T18:00:00Z,AI-FinOps-MOCK,powerplatform.admin / dataverse.conversationtranscript,2026-08-27,batch-2026-09-04,MOCK
2026-08-27,ENV-PROD,claims-triage-agent,Claims Triage Agent,agent_action,3,954,9.54,137,BU-INSURANCE,2026-09-04T18:00:00Z,AI-FinOps-MOCK,powerplatform.admin / dataverse.conversationtranscript,2026-08-27,batch-2026-09-04,MOCK
2026-08-27,ENV-PROD,store-ops-assistant,Store Ops Assistant,classic_answer,1,7539,75.39,155,BU-RETAIL,2026-09-04T18:00:00Z,AI-FinOps-MOCK,powerplatform.admin / dataverse.conversationtranscript,2026-08-27,batch-2026-09-04,MOCK
2026-08-27,ENV-PROD,store-ops-assistant,Store Ops Assistant,generative_answer,2,1867,18.67,104,BU-RETAIL,2026-09-04T18:00:00Z,AI-FinOps-MOCK,powerplatform.admin / dataverse.conversationtranscript,2026-08-27,batch-2026-09-04,MOCK
2026-08-27,ENV-PROD,store-ops-assistant,Store Ops Assistant,agent_action,3,1788,17.88,75,BU-RETAIL,2026-09-04T18:00:00Z,AI-FinOps-MOCK,powerplatform.admin / dataverse.conversationtranscript,2026-08-27,batch-2026-09-04,MOCK
2026-08-26,ENV-PROD,hr-helpdesk-bot,HR Helpdesk Bot,classic_answer,1,6835,68.35,36,BU-TECH,2026-09-04T18:00:00Z,AI-FinOps-MOCK,powerplatform.admin / dataverse.conversationtranscript,2026-08-26,batch-2026-09-04,MOCK
2026-08-26,ENV-PROD,hr-helpdesk-bot,HR Helpdesk Bot,generative_answer,2,7825,78.25,156,BU-TECH,2026-09-04T18:00:00Z,AI-FinOps-MOCK,powerplatform.admin / dataverse.conversationtranscript,2026-08-26,batch-2026-09-04,MOCK
2026-08-26,ENV-PROD,hr-helpdesk-bot,HR Helpdesk Bot,agent_action,3,6022,60.22,195,BU-TECH,2026-09-04T18:00:00Z,AI-FinOps-MOCK,powerplatform.admin / dataverse.conversationtranscript,2026-08-26,batch-2026-09-04,MOCK
2026-08-26,ENV-PROD,claims-triage-agent,Claims Triage Agent,classic_answer,1,1444,14.44,68,BU-INSURANCE,2026-09-04T18:00:00Z,AI-FinOps-MOCK,powerplatform.admin / dataverse.conversationtranscript,2026-08-26,batch-2026-09-04,MOCK
2026-08-26,ENV-PROD,claims-triage-agent,Claims Triage Agent,generative_answer,2,6568,65.68,140,BU-INSURANCE,2026-09-04T18:00:00Z,AI-FinOps-MOCK,powerplatform.admin / dataverse.conversationtranscript,2026-08-26,batch-2026-09-04,MOCK
2026-08-26,ENV-PROD,claims-triage-agent,Claims Triage Agent,agent_action,3,521,5.21,21,BU-INSURANCE,2026-09-04T18:00:00Z,AI-FinOps-MOCK,powerplatform.admin / dataverse.conversationtranscript,2026-08-26,batch-2026-09-04,MOCK
2026-08-26,ENV-PROD,store-ops-assistant,Store Ops Assistant,classic_answer,1,7534,75.34,13,BU-RETAIL,2026-09-04T18:00:00Z,AI-FinOps-MOCK,powerplatform.admin / dataverse.conversationtranscript,2026-08-26,batch-2026-09-04,MOCK
2026-08-26,ENV-PROD,store-ops-assistant,Store Ops Assistant,generative_answer,2,2503,25.03,21,BU-RETAIL,2026-09-04T18:00:00Z,AI-FinOps-MOCK,powerplatform.admin / dataverse.conversationtranscript,2026-08-26,batch-2026-09-04,MOCK
2026-08-26,ENV-PROD,store-ops-assistant,Store Ops Assistant,agent_action,3,4364,43.64,103,BU-RETAIL,2026-09-04T18:00:00Z,AI-FinOps-MOCK,powerplatform.admin / dataverse.conversationtranscript,2026-08-26,batch-2026-09-04,MOCK
2026-08-25,ENV-PROD,hr-helpdesk-bot,HR Helpdesk Bot,classic_answer,1,3637,36.37,48,BU-TECH,2026-09-04T18:00:00Z,AI-FinOps-MOCK,powerplatform.admin / dataverse.conversationtranscript,2026-08-25,batch-2026-09-04,MOCK
2026-08-25,ENV-PROD,hr-helpdesk-bot,HR Helpdesk Bot,generative_answer,2,1966,19.66,19,BU-TECH,2026-09-04T18:00:00Z,AI-FinOps-MOCK,powerplatform.admin / dataverse.conversationtranscript,2026-08-25,batch-2026-09-04,MOCK
2026-08-25,ENV-PROD,hr-helpdesk-bot,HR Helpdesk Bot,agent_action,3,5029,50.29,192,BU-TECH,2026-09-04T18:00:00Z,AI-FinOps-MOCK,powerplatform.admin / dataverse.conversationtranscript,2026-08-25,batch-2026-09-04,MOCK
2026-08-25,ENV-PROD,claims-triage-agent,Claims Triage Agent,classic_answer,1,6567,65.67,177,BU-INSURANCE,2026-09-04T18:00:00Z,AI-FinOps-MOCK,powerplatform.admin / dataverse.conversationtranscript,2026-08-25,batch-2026-09-04,MOCK
2026-08-25,ENV-PROD,claims-triage-agent,Claims Triage Agent,generative_answer,2,3935,39.35,67,BU-INSURANCE,2026-09-04T18:00:00Z,AI-FinOps-MOCK,powerplatform.admin / dataverse.conversationtranscript,2026-08-25,batch-2026-09-04,MOCK
2026-08-25,ENV-PROD,claims-triage-agent,Claims Triage Agent,agent_action,3,3136,31.36,73,BU-INSURANCE,2026-09-04T18:00:00Z,AI-FinOps-MOCK,powerplatform.admin / dataverse.conversationtranscript,2026-08-25,batch-2026-09-04,MOCK
2026-08-25,ENV-PROD,store-ops-assistant,Store Ops Assistant,classic_answer,1,3909,39.09,194,BU-RETAIL,2026-09-04T18:00:00Z,AI-FinOps-MOCK,powerplatform.admin / dataverse.conversationtranscript,2026-08-25,batch-2026-09-04,MOCK
2026-08-25,ENV-PROD,store-ops-assistant,Store Ops Assistant,generative_answer,2,3120,31.2,79,BU-RETAIL,2026-09-04T18:00:00Z,AI-FinOps-MOCK,powerplatform.admin / dataverse.conversationtranscript,2026-08-25,batch-2026-09-04,MOCK
2026-08-25,ENV-PROD,store-ops-assistant,Store Ops Assistant,agent_action,3,7266,72.66,29,BU-RETAIL,2026-09-04T18:00:00Z,AI-FinOps-MOCK,powerplatform.admin / dataverse.conversationtranscript,2026-08-25,batch-2026-09-04,MOCK
2026-08-24,ENV-PROD,hr-helpdesk-bot,HR Helpdesk Bot,classic_answer,1,5182,51.82,105,BU-TECH,2026-09-04T18:00:00Z,AI-FinOps-MOCK,powerplatform.admin / dataverse.conversationtranscript,2026-08-24,batch-2026-09-04,MOCK
2026-08-24,ENV-PROD,hr-helpdesk-bot,HR Helpdesk Bot,generative_answer,2,1478,14.78,138,BU-TECH,2026-09-04T18:00:00Z,AI-FinOps-MOCK,powerplatform.admin / dataverse.conversationtranscript,2026-08-24,batch-2026-09-04,MOCK
2026-08-24,ENV-PROD,hr-helpdesk-bot,HR Helpdesk Bot,agent_action,3,6015,60.15,23,BU-TECH,2026-09-04T18:00:00Z,AI-FinOps-MOCK,powerplatform.admin / dataverse.conversationtranscript,2026-08-24,batch-2026-09-04,MOCK
2026-08-24,ENV-PROD,claims-triage-agent,Claims Triage Agent,classic_answer,1,1969,19.69,67,BU-INSURANCE,2026-09-04T18:00:00Z,AI-FinOps-MOCK,powerplatform.admin / dataverse.conversationtranscript,2026-08-24,batch-2026-09-04,MOCK
2026-08-24,ENV-PROD,claims-triage-agent,Claims Triage Agent,generative_answer,2,7089,70.89,142,BU-INSURANCE,2026-09-04T18:00:00Z,AI-FinOps-MOCK,powerplatform.admin / dataverse.conversationtranscript,2026-08-24,batch-2026-09-04,MOCK
2026-08-24,ENV-PROD,claims-triage-agent,Claims Triage Agent,agent_action,3,876,8.76,112,BU-INSURANCE,2026-09-04T18:00:00Z,AI-FinOps-MOCK,powerplatform.admin / dataverse.conversationtranscript,2026-08-24,batch-2026-09-04,MOCK
2026-08-24,ENV-PROD,store-ops-assistant,Store Ops Assistant,classic_answer,1,1064,10.64,129,BU-RETAIL,2026-09-04T18:00:00Z,AI-FinOps-MOCK,powerplatform.admin / dataverse.conversationtranscript,2026-08-24,batch-2026-09-04,MOCK
2026-08-24,ENV-PROD,store-ops-assistant,Store Ops Assistant,generative_answer,2,7594,75.94,82,BU-RETAIL,2026-09-04T18:00:00Z,AI-FinOps-MOCK,powerplatform.admin / dataverse.conversationtranscript,2026-08-24,batch-2026-09-04,MOCK
2026-08-24,ENV-PROD,store-ops-assistant,Store Ops Assistant,agent_action,3,6836,68.36,89,BU-RETAIL,2026-09-04T18:00:00Z,AI-FinOps-MOCK,powerplatform.admin / dataverse.conversationtranscript,2026-08-24,batch-2026-09-04,MOCK
2026-08-23,ENV-PROD,hr-helpdesk-bot,HR Helpdesk Bot,classic_answer,1,3181,31.81,32,BU-TECH,2026-09-04T18:00:00Z,AI-FinOps-MOCK,powerplatform.admin / dataverse.conversationtranscript,2026-08-23,batch-2026-09-04,MOCK
2026-08-23,ENV-PROD,hr-helpdesk-bot,HR Helpdesk Bot,generative_answer,2,5030,50.3,126,BU-TECH,2026-09-04T18:00:00Z,AI-FinOps-MOCK,powerplatform.admin / dataverse.conversationtranscript,2026-08-23,batch-2026-09-04,MOCK
2026-08-23,ENV-PROD,hr-helpdesk-bot,HR Helpdesk Bot,agent_action,3,565,5.65,104,BU-TECH,2026-09-04T18:00:00Z,AI-FinOps-MOCK,powerplatform.admin / dataverse.conversationtranscript,2026-08-23,batch-2026-09-04,MOCK
2026-08-23,ENV-PROD,claims-triage-agent,Claims Triage Agent,classic_answer,1,2143,21.43,84,BU-INSURANCE,2026-09-04T18:00:00Z,AI-FinOps-MOCK,powerplatform.admin / dataverse.conversationtranscript,2026-08-23,batch-2026-09-04,MOCK
2026-08-23,ENV-PROD,claims-triage-agent,Claims Triage Agent,generative_answer,2,5118,51.18,87,BU-INSURANCE,2026-09-04T18:00:00Z,AI-FinOps-MOCK,powerplatform.admin / dataverse.conversationtranscript,2026-08-23,batch-2026-09-04,MOCK
2026-08-23,ENV-PROD,claims-triage-agent,Claims Triage Agent,agent_action,3,6558,65.58,169,BU-INSURANCE,2026-09-04T18:00:00Z,AI-FinOps-MOCK,powerplatform.admin / dataverse.conversationtranscript,2026-08-23,batch-2026-09-04,MOCK
2026-08-23,ENV-PROD,store-ops-assistant,Store Ops Assistant,classic_answer,1,2487,24.87,128,BU-RETAIL,2026-09-04T18:00:00Z,AI-FinOps-MOCK,powerplatform.admin / dataverse.conversationtranscript,2026-08-23,batch-2026-09-04,MOCK
2026-08-23,ENV-PROD,store-ops-assistant,Store Ops Assistant,generative_answer,2,3516,35.16,161,BU-RETAIL,2026-09-04T18:00:00Z,AI-FinOps-MOCK,powerplatform.admin / dataverse.conversationtranscript,2026-08-23,batch-2026-09-04,MOCK
2026-08-23,ENV-PROD,store-ops-assistant,Store Ops Assistant,agent_action,3,4541,45.41,60,BU-RETAIL,2026-09-04T18:00:00Z,AI-FinOps-MOCK,powerplatform.admin / dataverse.conversationtranscript,2026-08-23,batch-2026-09-04,MOCK
2026-08-22,ENV-PROD,hr-helpdesk-bot,HR Helpdesk Bot,classic_answer,1,6500,65.0,149,BU-TECH,2026-09-04T18:00:00Z,AI-FinOps-MOCK,powerplatform.admin / dataverse.conversationtranscript,2026-08-22,batch-2026-09-04,MOCK
2026-08-22,ENV-PROD,hr-helpdesk-bot,HR Helpdesk Bot,generative_answer,2,6729,67.29,72,BU-TECH,2026-09-04T18:00:00Z,AI-FinOps-MOCK,powerplatform.admin / dataverse.conversationtranscript,2026-08-22,batch-2026-09-04,MOCK
2026-08-22,ENV-PROD,hr-helpdesk-bot,HR Helpdesk Bot,agent_action,3,1733,17.33,11,BU-TECH,2026-09-04T18:00:00Z,AI-FinOps-MOCK,powerplatform.admin / dataverse.conversationtranscript,2026-08-22,batch-2026-09-04,MOCK
2026-08-22,ENV-PROD,claims-triage-agent,Claims Triage Agent,classic_answer,1,3859,38.59,16,BU-INSURANCE,2026-09-04T18:00:00Z,AI-FinOps-MOCK,powerplatform.admin / dataverse.conversationtranscript,2026-08-22,batch-2026-09-04,MOCK
2026-08-22,ENV-PROD,claims-triage-agent,Claims Triage Agent,generative_answer,2,2408,24.08,148,BU-INSURANCE,2026-09-04T18:00:00Z,AI-FinOps-MOCK,powerplatform.admin / dataverse.conversationtranscript,2026-08-22,batch-2026-09-04,MOCK
2026-08-22,ENV-PROD,claims-triage-agent,Claims Triage Agent,agent_action,3,3337,33.37,172,BU-INSURANCE,2026-09-04T18:00:00Z,AI-FinOps-MOCK,powerplatform.admin / dataverse.conversationtranscript,2026-08-22,batch-2026-09-04,MOCK
2026-08-22,ENV-PROD,store-ops-assistant,Store Ops Assistant,classic_answer,1,7377,73.77,187,BU-RETAIL,2026-09-04T18:00:00Z,AI-FinOps-MOCK,powerplatform.admin / dataverse.conversationtranscript,2026-08-22,batch-2026-09-04,MOCK
2026-08-22,ENV-PROD,store-ops-assistant,Store Ops Assistant,generative_answer,2,7686,76.86,12,BU-RETAIL,2026-09-04T18:00:00Z,AI-FinOps-MOCK,powerplatform.admin / dataverse.conversationtranscript,2026-08-22,batch-2026-09-04,MOCK
2026-08-22,ENV-PROD,store-ops-assistant,Store Ops Assistant,agent_action,3,3244,32.44,10,BU-RETAIL,2026-09-04T18:00:00Z,AI-FinOps-MOCK,powerplatform.admin / dataverse.conversationtranscript,2026-08-22,batch-2026-09-04,MOCK
2026-08-21,ENV-PROD,hr-helpdesk-bot,HR Helpdesk Bot,classic_answer,1,6717,67.17,178,BU-TECH,2026-09-04T18:00:00Z,AI-FinOps-MOCK,powerplatform.admin / dataverse.conversationtranscript,2026-08-21,batch-2026-09-04,MOCK
2026-08-21,ENV-PROD,hr-helpdesk-bot,HR Helpdesk Bot,generative_answer,2,3582,35.82,198,BU-TECH,2026-09-04T18:00:00Z,AI-FinOps-MOCK,powerplatform.admin / dataverse.conversationtranscript,2026-08-21,batch-2026-09-04,MOCK
2026-08-21,ENV-PROD,hr-helpdesk-bot,HR Helpdesk Bot,agent_action,3,6457,64.57,88,BU-TECH,2026-09-04T18:00:00Z,AI-FinOps-MOCK,powerplatform.admin / dataverse.conversationtranscript,2026-08-21,batch-2026-09-04,MOCK
2026-08-21,ENV-PROD,claims-triage-agent,Claims Triage Agent,classic_answer,1,1351,13.51,62,BU-INSURANCE,2026-09-04T18:00:00Z,AI-FinOps-MOCK,powerplatform.admin / dataverse.conversationtranscript,2026-08-21,batch-2026-09-04,MOCK
2026-08-21,ENV-PROD,claims-triage-agent,Claims Triage Agent,generative_answer,2,4840,48.4,70,BU-INSURANCE,2026-09-04T18:00:00Z,AI-FinOps-MOCK,powerplatform.admin / dataverse.conversationtranscript,2026-08-21,batch-2026-09-04,MOCK
2026-08-21,ENV-PROD,claims-triage-agent,Claims Triage Agent,agent_action,3,3939,39.39,135,BU-INSURANCE,2026-09-04T18:00:00Z,AI-FinOps-MOCK,powerplatform.admin / dataverse.conversationtranscript,2026-08-21,batch-2026-09-04,MOCK
2026-08-21,ENV-PROD,store-ops-assistant,Store Ops Assistant,classic_answer,1,990,9.9,46,BU-RETAIL,2026-09-04T18:00:00Z,AI-FinOps-MOCK,powerplatform.admin / dataverse.conversationtranscript,2026-08-21,batch-2026-09-04,MOCK
2026-08-21,ENV-PROD,store-ops-assistant,Store Ops Assistant,generative_answer,2,6329,63.29,81,BU-RETAIL,2026-09-04T18:00:00Z,AI-FinOps-MOCK,powerplatform.admin / dataverse.conversationtranscript,2026-08-21,batch-2026-09-04,MOCK
2026-08-21,ENV-PROD,store-ops-assistant,Store Ops Assistant,agent_action,3,1262,12.62,21,BU-RETAIL,2026-09-04T18:00:00Z,AI-FinOps-MOCK,powerplatform.admin / dataverse.conversationtranscript,2026-08-21,batch-2026-09-04,MOCK
2026-08-20,ENV-PROD,hr-helpdesk-bot,HR Helpdesk Bot,classic_answer,1,2396,23.96,143,BU-TECH,2026-09-04T18:00:00Z,AI-FinOps-MOCK,powerplatform.admin / dataverse.conversationtranscript,2026-08-20,batch-2026-09-04,MOCK
2026-08-20,ENV-PROD,hr-helpdesk-bot,HR Helpdesk Bot,generative_answer,2,3883,38.83,189,BU-TECH,2026-09-04T18:00:00Z,AI-FinOps-MOCK,powerplatform.admin / dataverse.conversationtranscript,2026-08-20,batch-2026-09-04,MOCK
2026-08-20,ENV-PROD,hr-helpdesk-bot,HR Helpdesk Bot,agent_action,3,7836,78.36,105,BU-TECH,2026-09-04T18:00:00Z,AI-FinOps-MOCK,powerplatform.admin / dataverse.conversationtranscript,2026-08-20,batch-2026-09-04,MOCK
2026-08-20,ENV-PROD,claims-triage-agent,Claims Triage Agent,classic_answer,1,4255,42.55,31,BU-INSURANCE,2026-09-04T18:00:00Z,AI-FinOps-MOCK,powerplatform.admin / dataverse.conversationtranscript,2026-08-20,batch-2026-09-04,MOCK
2026-08-20,ENV-PROD,claims-triage-agent,Claims Triage Agent,generative_answer,2,5257,52.57,34,BU-INSURANCE,2026-09-04T18:00:00Z,AI-FinOps-MOCK,powerplatform.admin / dataverse.conversationtranscript,2026-08-20,batch-2026-09-04,MOCK
2026-08-20,ENV-PROD,claims-triage-agent,Claims Triage Agent,agent_action,3,4640,46.4,44,BU-INSURANCE,2026-09-04T18:00:00Z,AI-FinOps-MOCK,powerplatform.admin / dataverse.conversationtranscript,2026-08-20,batch-2026-09-04,MOCK
2026-08-20,ENV-PROD,store-ops-assistant,Store Ops Assistant,classic_answer,1,5720,57.2,110,BU-RETAIL,2026-09-04T18:00:00Z,AI-FinOps-MOCK,powerplatform.admin / dataverse.conversationtranscript,2026-08-20,batch-2026-09-04,MOCK
2026-08-20,ENV-PROD,store-ops-assistant,Store Ops Assistant,generative_answer,2,1113,11.13,161,BU-RETAIL,2026-09-04T18:00:00Z,AI-FinOps-MOCK,powerplatform.admin / dataverse.conversationtranscript,2026-08-20,batch-2026-09-04,MOCK
2026-08-20,ENV-PROD,store-ops-assistant,Store Ops Assistant,agent_action,3,5151,51.51,25,BU-RETAIL,2026-09-04T18:00:00Z,AI-FinOps-MOCK,powerplatform.admin / dataverse.conversationtranscript,2026-08-20,batch-2026-09-04,MOCK
2026-08-19,ENV-PROD,hr-helpdesk-bot,HR Helpdesk Bot,classic_answer,1,4063,40.63,179,BU-TECH,2026-09-04T18:00:00Z,AI-FinOps-MOCK,powerplatform.admin / dataverse.conversationtranscript,2026-08-19,batch-2026-09-04,MOCK
2026-08-19,ENV-PROD,hr-helpdesk-bot,HR Helpdesk Bot,generative_answer,2,1570,15.7,70,BU-TECH,2026-09-04T18:00:00Z,AI-FinOps-MOCK,powerplatform.admin / dataverse.conversationtranscript,2026-08-19,batch-2026-09-04,MOCK
2026-08-19,ENV-PROD,hr-helpdesk-bot,HR Helpdesk Bot,agent_action,3,2889,28.89,76,BU-TECH,2026-09-04T18:00:00Z,AI-FinOps-MOCK,powerplatform.admin / dataverse.conversationtranscript,2026-08-19,batch-2026-09-04,MOCK
2026-08-19,ENV-PROD,claims-triage-agent,Claims Triage Agent,classic_answer,1,7470,74.7,90,BU-INSURANCE,2026-09-04T18:00:00Z,AI-FinOps-MOCK,powerplatform.admin / dataverse.conversationtranscript,2026-08-19,batch-2026-09-04,MOCK
2026-08-19,ENV-PROD,claims-triage-agent,Claims Triage Agent,generative_answer,2,7060,70.6,110,BU-INSURANCE,2026-09-04T18:00:00Z,AI-FinOps-MOCK,powerplatform.admin / dataverse.conversationtranscript,2026-08-19,batch-2026-09-04,MOCK
2026-08-19,ENV-PROD,claims-triage-agent,Claims Triage Agent,agent_action,3,6240,62.4,198,BU-INSURANCE,2026-09-04T18:00:00Z,AI-FinOps-MOCK,powerplatform.admin / dataverse.conversationtranscript,2026-08-19,batch-2026-09-04,MOCK
2026-08-19,ENV-PROD,store-ops-assistant,Store Ops Assistant,classic_answer,1,3172,31.72,91,BU-RETAIL,2026-09-04T18:00:00Z,AI-FinOps-MOCK,powerplatform.admin / dataverse.conversationtranscript,2026-08-19,batch-2026-09-04,MOCK
2026-08-19,ENV-PROD,store-ops-assistant,Store Ops Assistant,generative_answer,2,4208,42.08,79,BU-RETAIL,2026-09-04T18:00:00Z,AI-FinOps-MOCK,powerplatform.admin / dataverse.conversationtranscript,2026-08-19,batch-2026-09-04,MOCK
2026-08-19,ENV-PROD,store-ops-assistant,Store Ops Assistant,agent_action,3,2413,24.13,29,BU-RETAIL,2026-09-04T18:00:00Z,AI-FinOps-MOCK,powerplatform.admin / dataverse.conversationtranscript,2026-08-19,batch-2026-09-04,MOCK
2026-08-18,ENV-PROD,hr-helpdesk-bot,HR Helpdesk Bot,classic_answer,1,2160,21.6,44,BU-TECH,2026-09-04T18:00:00Z,AI-FinOps-MOCK,powerplatform.admin / dataverse.conversationtranscript,2026-08-18,batch-2026-09-04,MOCK
2026-08-18,ENV-PROD,hr-helpdesk-bot,HR Helpdesk Bot,generative_answer,2,6889,68.89,159,BU-TECH,2026-09-04T18:00:00Z,AI-FinOps-MOCK,powerplatform.admin / dataverse.conversationtranscript,2026-08-18,batch-2026-09-04,MOCK
2026-08-18,ENV-PROD,hr-helpdesk-bot,HR Helpdesk Bot,agent_action,3,1392,13.92,49,BU-TECH,2026-09-04T18:00:00Z,AI-FinOps-MOCK,powerplatform.admin / dataverse.conversationtranscript,2026-08-18,batch-2026-09-04,MOCK
2026-08-18,ENV-PROD,claims-triage-agent,Claims Triage Agent,classic_answer,1,1365,13.65,52,BU-INSURANCE,2026-09-04T18:00:00Z,AI-FinOps-MOCK,powerplatform.admin / dataverse.conversationtranscript,2026-08-18,batch-2026-09-04,MOCK
2026-08-18,ENV-PROD,claims-triage-agent,Claims Triage Agent,generative_answer,2,4182,41.82,129,BU-INSURANCE,2026-09-04T18:00:00Z,AI-FinOps-MOCK,powerplatform.admin / dataverse.conversationtranscript,2026-08-18,batch-2026-09-04,MOCK
2026-08-18,ENV-PROD,claims-triage-agent,Claims Triage Agent,agent_action,3,3072,30.72,114,BU-INSURANCE,2026-09-04T18:00:00Z,AI-FinOps-MOCK,powerplatform.admin / dataverse.conversationtranscript,2026-08-18,batch-2026-09-04,MOCK
2026-08-18,ENV-PROD,store-ops-assistant,Store Ops Assistant,classic_answer,1,1489,14.89,147,BU-RETAIL,2026-09-04T18:00:00Z,AI-FinOps-MOCK,powerplatform.admin / dataverse.conversationtranscript,2026-08-18,batch-2026-09-04,MOCK
2026-08-18,ENV-PROD,store-ops-assistant,Store Ops Assistant,generative_answer,2,3435,34.35,63,BU-RETAIL,2026-09-04T18:00:00Z,AI-FinOps-MOCK,powerplatform.admin / dataverse.conversationtranscript,2026-08-18,batch-2026-09-04,MOCK
2026-08-18,ENV-PROD,store-ops-assistant,Store Ops Assistant,agent_action,3,4202,42.02,88,BU-RETAIL,2026-09-04T18:00:00Z,AI-FinOps-MOCK,powerplatform.admin / dataverse.conversationtranscript,2026-08-18,batch-2026-09-04,MOCK
2026-08-17,ENV-PROD,hr-helpdesk-bot,HR Helpdesk Bot,classic_answer,1,4295,42.95,77,BU-TECH,2026-09-04T18:00:00Z,AI-FinOps-MOCK,powerplatform.admin / dataverse.conversationtranscript,2026-08-17,batch-2026-09-04,MOCK
2026-08-17,ENV-PROD,hr-helpdesk-bot,HR Helpdesk Bot,generative_answer,2,7483,74.83,40,BU-TECH,2026-09-04T18:00:00Z,AI-FinOps-MOCK,powerplatform.admin / dataverse.conversationtranscript,2026-08-17,batch-2026-09-04,MOCK
2026-08-17,ENV-PROD,hr-helpdesk-bot,HR Helpdesk Bot,agent_action,3,1240,12.4,50,BU-TECH,2026-09-04T18:00:00Z,AI-FinOps-MOCK,powerplatform.admin / dataverse.conversationtranscript,2026-08-17,batch-2026-09-04,MOCK
2026-08-17,ENV-PROD,claims-triage-agent,Claims Triage Agent,classic_answer,1,7115,71.15,185,BU-INSURANCE,2026-09-04T18:00:00Z,AI-FinOps-MOCK,powerplatform.admin / dataverse.conversationtranscript,2026-08-17,batch-2026-09-04,MOCK
2026-08-17,ENV-PROD,claims-triage-agent,Claims Triage Agent,generative_answer,2,2992,29.92,190,BU-INSURANCE,2026-09-04T18:00:00Z,AI-FinOps-MOCK,powerplatform.admin / dataverse.conversationtranscript,2026-08-17,batch-2026-09-04,MOCK
2026-08-17,ENV-PROD,claims-triage-agent,Claims Triage Agent,agent_action,3,6208,62.08,164,BU-INSURANCE,2026-09-04T18:00:00Z,AI-FinOps-MOCK,powerplatform.admin / dataverse.conversationtranscript,2026-08-17,batch-2026-09-04,MOCK
2026-08-17,ENV-PROD,store-ops-assistant,Store Ops Assistant,classic_answer,1,830,8.3,65,BU-RETAIL,2026-09-04T18:00:00Z,AI-FinOps-MOCK,powerplatform.admin / dataverse.conversationtranscript,2026-08-17,batch-2026-09-04,MOCK
2026-08-17,ENV-PROD,store-ops-assistant,Store Ops Assistant,generative_answer,2,7347,73.47,93,BU-RETAIL,2026-09-04T18:00:00Z,AI-FinOps-MOCK,powerplatform.admin / dataverse.conversationtranscript,2026-08-17,batch-2026-09-04,MOCK
2026-08-17,ENV-PROD,store-ops-assistant,Store Ops Assistant,agent_action,3,1715,17.15,33,BU-RETAIL,2026-09-04T18:00:00Z,AI-FinOps-MOCK,powerplatform.admin / dataverse.conversationtranscript,2026-08-17,batch-2026-09-04,MOCK
2026-08-16,ENV-PROD,hr-helpdesk-bot,HR Helpdesk Bot,classic_answer,1,6325,63.25,73,BU-TECH,2026-09-04T18:00:00Z,AI-FinOps-MOCK,powerplatform.admin / dataverse.conversationtranscript,2026-08-16,batch-2026-09-04,MOCK
2026-08-16,ENV-PROD,hr-helpdesk-bot,HR Helpdesk Bot,generative_answer,2,3414,34.14,111,BU-TECH,2026-09-04T18:00:00Z,AI-FinOps-MOCK,powerplatform.admin / dataverse.conversationtranscript,2026-08-16,batch-2026-09-04,MOCK
2026-08-16,ENV-PROD,hr-helpdesk-bot,HR Helpdesk Bot,agent_action,3,4706,47.06,22,BU-TECH,2026-09-04T18:00:00Z,AI-FinOps-MOCK,powerplatform.admin / dataverse.conversationtranscript,2026-08-16,batch-2026-09-04,MOCK
2026-08-16,ENV-PROD,claims-triage-agent,Claims Triage Agent,classic_answer,1,6047,60.47,86,BU-INSURANCE,2026-09-04T18:00:00Z,AI-FinOps-MOCK,powerplatform.admin / dataverse.conversationtranscript,2026-08-16,batch-2026-09-04,MOCK
2026-08-16,ENV-PROD,claims-triage-agent,Claims Triage Agent,generative_answer,2,2631,26.31,54,BU-INSURANCE,2026-09-04T18:00:00Z,AI-FinOps-MOCK,powerplatform.admin / dataverse.conversationtranscript,2026-08-16,batch-2026-09-04,MOCK
2026-08-16,ENV-PROD,claims-triage-agent,Claims Triage Agent,agent_action,3,754,7.54,113,BU-INSURANCE,2026-09-04T18:00:00Z,AI-FinOps-MOCK,powerplatform.admin / dataverse.conversationtranscript,2026-08-16,batch-2026-09-04,MOCK
2026-08-16,ENV-PROD,store-ops-assistant,Store Ops Assistant,classic_answer,1,7500,75.0,125,BU-RETAIL,2026-09-04T18:00:00Z,AI-FinOps-MOCK,powerplatform.admin / dataverse.conversationtranscript,2026-08-16,batch-2026-09-04,MOCK
2026-08-16,ENV-PROD,store-ops-assistant,Store Ops Assistant,generative_answer,2,5054,50.54,150,BU-RETAIL,2026-09-04T18:00:00Z,AI-FinOps-MOCK,powerplatform.admin / dataverse.conversationtranscript,2026-08-16,batch-2026-09-04,MOCK
2026-08-16,ENV-PROD,store-ops-assistant,Store Ops Assistant,agent_action,3,2546,25.46,34,BU-RETAIL,2026-09-04T18:00:00Z,AI-FinOps-MOCK,powerplatform.admin / dataverse.conversationtranscript,2026-08-16,batch-2026-09-04,MOCK
2026-08-15,ENV-PROD,hr-helpdesk-bot,HR Helpdesk Bot,classic_answer,1,4285,42.85,36,BU-TECH,2026-09-04T18:00:00Z,AI-FinOps-MOCK,powerplatform.admin / dataverse.conversationtranscript,2026-08-15,batch-2026-09-04,MOCK
2026-08-15,ENV-PROD,hr-helpdesk-bot,HR Helpdesk Bot,generative_answer,2,7085,70.85,45,BU-TECH,2026-09-04T18:00:00Z,AI-FinOps-MOCK,powerplatform.admin / dataverse.conversationtranscript,2026-08-15,batch-2026-09-04,MOCK
2026-08-15,ENV-PROD,hr-helpdesk-bot,HR Helpdesk Bot,agent_action,3,1494,14.94,13,BU-TECH,2026-09-04T18:00:00Z,AI-FinOps-MOCK,powerplatform.admin / dataverse.conversationtranscript,2026-08-15,batch-2026-09-04,MOCK
2026-08-15,ENV-PROD,claims-triage-agent,Claims Triage Agent,classic_answer,1,1005,10.05,66,BU-INSURANCE,2026-09-04T18:00:00Z,AI-FinOps-MOCK,powerplatform.admin / dataverse.conversationtranscript,2026-08-15,batch-2026-09-04,MOCK
2026-08-15,ENV-PROD,claims-triage-agent,Claims Triage Agent,generative_answer,2,1570,15.7,60,BU-INSURANCE,2026-09-04T18:00:00Z,AI-FinOps-MOCK,powerplatform.admin / dataverse.conversationtranscript,2026-08-15,batch-2026-09-04,MOCK
2026-08-15,ENV-PROD,claims-triage-agent,Claims Triage Agent,agent_action,3,7247,72.47,112,BU-INSURANCE,2026-09-04T18:00:00Z,AI-FinOps-MOCK,powerplatform.admin / dataverse.conversationtranscript,2026-08-15,batch-2026-09-04,MOCK
2026-08-15,ENV-PROD,store-ops-assistant,Store Ops Assistant,classic_answer,1,3549,35.49,185,BU-RETAIL,2026-09-04T18:00:00Z,AI-FinOps-MOCK,powerplatform.admin / dataverse.conversationtranscript,2026-08-15,batch-2026-09-04,MOCK
2026-08-15,ENV-PROD,store-ops-assistant,Store Ops Assistant,generative_answer,2,5663,56.63,175,BU-RETAIL,2026-09-04T18:00:00Z,AI-FinOps-MOCK,powerplatform.admin / dataverse.conversationtranscript,2026-08-15,batch-2026-09-04,MOCK
2026-08-15,ENV-PROD,store-ops-assistant,Store Ops Assistant,agent_action,3,1188,11.88,159,BU-RETAIL,2026-09-04T18:00:00Z,AI-FinOps-MOCK,powerplatform.admin / dataverse.conversationtranscript,2026-08-15,batch-2026-09-04,MOCK
2026-08-14,ENV-PROD,hr-helpdesk-bot,HR Helpdesk Bot,classic_answer,1,5301,53.01,76,BU-TECH,2026-09-04T18:00:00Z,AI-FinOps-MOCK,powerplatform.admin / dataverse.conversationtranscript,2026-08-14,batch-2026-09-04,MOCK
2026-08-14,ENV-PROD,hr-helpdesk-bot,HR Helpdesk Bot,generative_answer,2,7158,71.58,29,BU-TECH,2026-09-04T18:00:00Z,AI-FinOps-MOCK,powerplatform.admin / dataverse.conversationtranscript,2026-08-14,batch-2026-09-04,MOCK
2026-08-14,ENV-PROD,hr-helpdesk-bot,HR Helpdesk Bot,agent_action,3,678,6.78,26,BU-TECH,2026-09-04T18:00:00Z,AI-FinOps-MOCK,powerplatform.admin / dataverse.conversationtranscript,2026-08-14,batch-2026-09-04,MOCK
2026-08-14,ENV-PROD,claims-triage-agent,Claims Triage Agent,classic_answer,1,2119,21.19,175,BU-INSURANCE,2026-09-04T18:00:00Z,AI-FinOps-MOCK,powerplatform.admin / dataverse.conversationtranscript,2026-08-14,batch-2026-09-04,MOCK
2026-08-14,ENV-PROD,claims-triage-agent,Claims Triage Agent,generative_answer,2,4132,41.32,42,BU-INSURANCE,2026-09-04T18:00:00Z,AI-FinOps-MOCK,powerplatform.admin / dataverse.conversationtranscript,2026-08-14,batch-2026-09-04,MOCK
2026-08-14,ENV-PROD,claims-triage-agent,Claims Triage Agent,agent_action,3,1253,12.53,94,BU-INSURANCE,2026-09-04T18:00:00Z,AI-FinOps-MOCK,powerplatform.admin / dataverse.conversationtranscript,2026-08-14,batch-2026-09-04,MOCK
2026-08-14,ENV-PROD,store-ops-assistant,Store Ops Assistant,classic_answer,1,1503,15.03,20,BU-RETAIL,2026-09-04T18:00:00Z,AI-FinOps-MOCK,powerplatform.admin / dataverse.conversationtranscript,2026-08-14,batch-2026-09-04,MOCK
2026-08-14,ENV-PROD,store-ops-assistant,Store Ops Assistant,generative_answer,2,4276,42.76,22,BU-RETAIL,2026-09-04T18:00:00Z,AI-FinOps-MOCK,powerplatform.admin / dataverse.conversationtranscript,2026-08-14,batch-2026-09-04,MOCK
2026-08-14,ENV-PROD,store-ops-assistant,Store Ops Assistant,agent_action,3,1876,18.76,156,BU-RETAIL,2026-09-04T18:00:00Z,AI-FinOps-MOCK,powerplatform.admin / dataverse.conversationtranscript,2026-08-14,batch-2026-09-04,MOCK
2026-08-13,ENV-PROD,hr-helpdesk-bot,HR Helpdesk Bot,classic_answer,1,4048,40.48,195,BU-TECH,2026-09-04T18:00:00Z,AI-FinOps-MOCK,powerplatform.admin / dataverse.conversationtranscript,2026-08-13,batch-2026-09-04,MOCK
2026-08-13,ENV-PROD,hr-helpdesk-bot,HR Helpdesk Bot,generative_answer,2,3735,37.35,137,BU-TECH,2026-09-04T18:00:00Z,AI-FinOps-MOCK,powerplatform.admin / dataverse.conversationtranscript,2026-08-13,batch-2026-09-04,MOCK
2026-08-13,ENV-PROD,hr-helpdesk-bot,HR Helpdesk Bot,agent_action,3,741,7.41,107,BU-TECH,2026-09-04T18:00:00Z,AI-FinOps-MOCK,powerplatform.admin / dataverse.conversationtranscript,2026-08-13,batch-2026-09-04,MOCK
2026-08-13,ENV-PROD,claims-triage-agent,Claims Triage Agent,classic_answer,1,6096,60.96,119,BU-INSURANCE,2026-09-04T18:00:00Z,AI-FinOps-MOCK,powerplatform.admin / dataverse.conversationtranscript,2026-08-13,batch-2026-09-04,MOCK
2026-08-13,ENV-PROD,claims-triage-agent,Claims Triage Agent,generative_answer,2,1915,19.15,100,BU-INSURANCE,2026-09-04T18:00:00Z,AI-FinOps-MOCK,powerplatform.admin / dataverse.conversationtranscript,2026-08-13,batch-2026-09-04,MOCK
2026-08-13,ENV-PROD,claims-triage-agent,Claims Triage Agent,agent_action,3,2258,22.58,57,BU-INSURANCE,2026-09-04T18:00:00Z,AI-FinOps-MOCK,powerplatform.admin / dataverse.conversationtranscript,2026-08-13,batch-2026-09-04,MOCK
2026-08-13,ENV-PROD,store-ops-assistant,Store Ops Assistant,classic_answer,1,2752,27.52,81,BU-RETAIL,2026-09-04T18:00:00Z,AI-FinOps-MOCK,powerplatform.admin / dataverse.conversationtranscript,2026-08-13,batch-2026-09-04,MOCK
2026-08-13,ENV-PROD,store-ops-assistant,Store Ops Assistant,generative_answer,2,4153,41.53,48,BU-RETAIL,2026-09-04T18:00:00Z,AI-FinOps-MOCK,powerplatform.admin / dataverse.conversationtranscript,2026-08-13,batch-2026-09-04,MOCK
2026-08-13,ENV-PROD,store-ops-assistant,Store Ops Assistant,agent_action,3,783,7.83,167,BU-RETAIL,2026-09-04T18:00:00Z,AI-FinOps-MOCK,powerplatform.admin / dataverse.conversationtranscript,2026-08-13,batch-2026-09-04,MOCK
2026-08-12,ENV-PROD,hr-helpdesk-bot,HR Helpdesk Bot,classic_answer,1,5572,55.72,167,BU-TECH,2026-09-04T18:00:00Z,AI-FinOps-MOCK,powerplatform.admin / dataverse.conversationtranscript,2026-08-12,batch-2026-09-04,MOCK
2026-08-12,ENV-PROD,hr-helpdesk-bot,HR Helpdesk Bot,generative_answer,2,2513,25.13,175,BU-TECH,2026-09-04T18:00:00Z,AI-FinOps-MOCK,powerplatform.admin / dataverse.conversationtranscript,2026-08-12,batch-2026-09-04,MOCK
2026-08-12,ENV-PROD,hr-helpdesk-bot,HR Helpdesk Bot,agent_action,3,2917,29.17,137,BU-TECH,2026-09-04T18:00:00Z,AI-FinOps-MOCK,powerplatform.admin / dataverse.conversationtranscript,2026-08-12,batch-2026-09-04,MOCK
2026-08-12,ENV-PROD,claims-triage-agent,Claims Triage Agent,classic_answer,1,3875,38.75,150,BU-INSURANCE,2026-09-04T18:00:00Z,AI-FinOps-MOCK,powerplatform.admin / dataverse.conversationtranscript,2026-08-12,batch-2026-09-04,MOCK
2026-08-12,ENV-PROD,claims-triage-agent,Claims Triage Agent,generative_answer,2,4424,44.24,25,BU-INSURANCE,2026-09-04T18:00:00Z,AI-FinOps-MOCK,powerplatform.admin / dataverse.conversationtranscript,2026-08-12,batch-2026-09-04,MOCK
2026-08-12,ENV-PROD,claims-triage-agent,Claims Triage Agent,agent_action,3,1218,12.18,81,BU-INSURANCE,2026-09-04T18:00:00Z,AI-FinOps-MOCK,powerplatform.admin / dataverse.conversationtranscript,2026-08-12,batch-2026-09-04,MOCK
2026-08-12,ENV-PROD,store-ops-assistant,Store Ops Assistant,classic_answer,1,3637,36.37,45,BU-RETAIL,2026-09-04T18:00:00Z,AI-FinOps-MOCK,powerplatform.admin / dataverse.conversationtranscript,2026-08-12,batch-2026-09-04,MOCK
2026-08-12,ENV-PROD,store-ops-assistant,Store Ops Assistant,generative_answer,2,3934,39.34,61,BU-RETAIL,2026-09-04T18:00:00Z,AI-FinOps-MOCK,powerplatform.admin / dataverse.conversationtranscript,2026-08-12,batch-2026-09-04,MOCK
2026-08-12,ENV-PROD,store-ops-assistant,Store Ops Assistant,agent_action,3,5764,57.64,144,BU-RETAIL,2026-09-04T18:00:00Z,AI-FinOps-MOCK,powerplatform.admin / dataverse.conversationtranscript,2026-08-12,batch-2026-09-04,MOCK
2026-08-11,ENV-PROD,hr-helpdesk-bot,HR Helpdesk Bot,classic_answer,1,2541,25.41,171,BU-TECH,2026-09-04T18:00:00Z,AI-FinOps-MOCK,powerplatform.admin / dataverse.conversationtranscript,2026-08-11,batch-2026-09-04,MOCK
2026-08-11,ENV-PROD,hr-helpdesk-bot,HR Helpdesk Bot,generative_answer,2,7071,70.71,149,BU-TECH,2026-09-04T18:00:00Z,AI-FinOps-MOCK,powerplatform.admin / dataverse.conversationtranscript,2026-08-11,batch-2026-09-04,MOCK
2026-08-11,ENV-PROD,hr-helpdesk-bot,HR Helpdesk Bot,agent_action,3,7011,70.11,14,BU-TECH,2026-09-04T18:00:00Z,AI-FinOps-MOCK,powerplatform.admin / dataverse.conversationtranscript,2026-08-11,batch-2026-09-04,MOCK
2026-08-11,ENV-PROD,claims-triage-agent,Claims Triage Agent,classic_answer,1,3633,36.33,192,BU-INSURANCE,2026-09-04T18:00:00Z,AI-FinOps-MOCK,powerplatform.admin / dataverse.conversationtranscript,2026-08-11,batch-2026-09-04,MOCK
2026-08-11,ENV-PROD,claims-triage-agent,Claims Triage Agent,generative_answer,2,3441,34.41,132,BU-INSURANCE,2026-09-04T18:00:00Z,AI-FinOps-MOCK,powerplatform.admin / dataverse.conversationtranscript,2026-08-11,batch-2026-09-04,MOCK
2026-08-11,ENV-PROD,claims-triage-agent,Claims Triage Agent,agent_action,3,4960,49.6,134,BU-INSURANCE,2026-09-04T18:00:00Z,AI-FinOps-MOCK,powerplatform.admin / dataverse.conversationtranscript,2026-08-11,batch-2026-09-04,MOCK
2026-08-11,ENV-PROD,store-ops-assistant,Store Ops Assistant,classic_answer,1,3318,33.18,154,BU-RETAIL,2026-09-04T18:00:00Z,AI-FinOps-MOCK,powerplatform.admin / dataverse.conversationtranscript,2026-08-11,batch-2026-09-04,MOCK
2026-08-11,ENV-PROD,store-ops-assistant,Store Ops Assistant,generative_answer,2,4615,46.15,92,BU-RETAIL,2026-09-04T18:00:00Z,AI-FinOps-MOCK,powerplatform.admin / dataverse.conversationtranscript,2026-08-11,batch-2026-09-04,MOCK
2026-08-11,ENV-PROD,store-ops-assistant,Store Ops Assistant,agent_action,3,3681,36.81,79,BU-RETAIL,2026-09-04T18:00:00Z,AI-FinOps-MOCK,powerplatform.admin / dataverse.conversationtranscript,2026-08-11,batch-2026-09-04,MOCK
2026-08-10,ENV-PROD,hr-helpdesk-bot,HR Helpdesk Bot,classic_answer,1,1973,19.73,16,BU-TECH,2026-09-04T18:00:00Z,AI-FinOps-MOCK,powerplatform.admin / dataverse.conversationtranscript,2026-08-10,batch-2026-09-04,MOCK
2026-08-10,ENV-PROD,hr-helpdesk-bot,HR Helpdesk Bot,generative_answer,2,3112,31.12,162,BU-TECH,2026-09-04T18:00:00Z,AI-FinOps-MOCK,powerplatform.admin / dataverse.conversationtranscript,2026-08-10,batch-2026-09-04,MOCK
2026-08-10,ENV-PROD,hr-helpdesk-bot,HR Helpdesk Bot,agent_action,3,2294,22.94,17,BU-TECH,2026-09-04T18:00:00Z,AI-FinOps-MOCK,powerplatform.admin / dataverse.conversationtranscript,2026-08-10,batch-2026-09-04,MOCK
2026-08-10,ENV-PROD,claims-triage-agent,Claims Triage Agent,classic_answer,1,7838,78.38,81,BU-INSURANCE,2026-09-04T18:00:00Z,AI-FinOps-MOCK,powerplatform.admin / dataverse.conversationtranscript,2026-08-10,batch-2026-09-04,MOCK
2026-08-10,ENV-PROD,claims-triage-agent,Claims Triage Agent,generative_answer,2,979,9.79,130,BU-INSURANCE,2026-09-04T18:00:00Z,AI-FinOps-MOCK,powerplatform.admin / dataverse.conversationtranscript,2026-08-10,batch-2026-09-04,MOCK
2026-08-10,ENV-PROD,claims-triage-agent,Claims Triage Agent,agent_action,3,4837,48.37,101,BU-INSURANCE,2026-09-04T18:00:00Z,AI-FinOps-MOCK,powerplatform.admin / dataverse.conversationtranscript,2026-08-10,batch-2026-09-04,MOCK
2026-08-10,ENV-PROD,store-ops-assistant,Store Ops Assistant,classic_answer,1,6781,67.81,159,BU-RETAIL,2026-09-04T18:00:00Z,AI-FinOps-MOCK,powerplatform.admin / dataverse.conversationtranscript,2026-08-10,batch-2026-09-04,MOCK
2026-08-10,ENV-PROD,store-ops-assistant,Store Ops Assistant,generative_answer,2,2406,24.06,50,BU-RETAIL,2026-09-04T18:00:00Z,AI-FinOps-MOCK,powerplatform.admin / dataverse.conversationtranscript,2026-08-10,batch-2026-09-04,MOCK
2026-08-10,ENV-PROD,store-ops-assistant,Store Ops Assistant,agent_action,3,1320,13.2,73,BU-RETAIL,2026-09-04T18:00:00Z,AI-FinOps-MOCK,powerplatform.admin / dataverse.conversationtranscript,2026-08-10,batch-2026-09-04,MOCK
2026-08-09,ENV-PROD,hr-helpdesk-bot,HR Helpdesk Bot,classic_answer,1,5881,58.81,71,BU-TECH,2026-09-04T18:00:00Z,AI-FinOps-MOCK,powerplatform.admin / dataverse.conversationtranscript,2026-08-09,batch-2026-09-04,MOCK
2026-08-09,ENV-PROD,hr-helpdesk-bot,HR Helpdesk Bot,generative_answer,2,2683,26.83,146,BU-TECH,2026-09-04T18:00:00Z,AI-FinOps-MOCK,powerplatform.admin / dataverse.conversationtranscript,2026-08-09,batch-2026-09-04,MOCK
2026-08-09,ENV-PROD,hr-helpdesk-bot,HR Helpdesk Bot,agent_action,3,7187,71.87,198,BU-TECH,2026-09-04T18:00:00Z,AI-FinOps-MOCK,powerplatform.admin / dataverse.conversationtranscript,2026-08-09,batch-2026-09-04,MOCK
2026-08-09,ENV-PROD,claims-triage-agent,Claims Triage Agent,classic_answer,1,958,9.58,66,BU-INSURANCE,2026-09-04T18:00:00Z,AI-FinOps-MOCK,powerplatform.admin / dataverse.conversationtranscript,2026-08-09,batch-2026-09-04,MOCK
2026-08-09,ENV-PROD,claims-triage-agent,Claims Triage Agent,generative_answer,2,5216,52.16,109,BU-INSURANCE,2026-09-04T18:00:00Z,AI-FinOps-MOCK,powerplatform.admin / dataverse.conversationtranscript,2026-08-09,batch-2026-09-04,MOCK
2026-08-09,ENV-PROD,claims-triage-agent,Claims Triage Agent,agent_action,3,3406,34.06,54,BU-INSURANCE,2026-09-04T18:00:00Z,AI-FinOps-MOCK,powerplatform.admin / dataverse.conversationtranscript,2026-08-09,batch-2026-09-04,MOCK
2026-08-09,ENV-PROD,store-ops-assistant,Store Ops Assistant,classic_answer,1,1942,19.42,70,BU-RETAIL,2026-09-04T18:00:00Z,AI-FinOps-MOCK,powerplatform.admin / dataverse.conversationtranscript,2026-08-09,batch-2026-09-04,MOCK
2026-08-09,ENV-PROD,store-ops-assistant,Store Ops Assistant,generative_answer,2,5353,53.53,91,BU-RETAIL,2026-09-04T18:00:00Z,AI-FinOps-MOCK,powerplatform.admin / dataverse.conversationtranscript,2026-08-09,batch-2026-09-04,MOCK
2026-08-09,ENV-PROD,store-ops-assistant,Store Ops Assistant,agent_action,3,7104,71.04,198,BU-RETAIL,2026-09-04T18:00:00Z,AI-FinOps-MOCK,powerplatform.admin / dataverse.conversationtranscript,2026-08-09,batch-2026-09-04,MOCK
2026-08-08,ENV-PROD,hr-helpdesk-bot,HR Helpdesk Bot,classic_answer,1,6214,62.14,101,BU-TECH,2026-09-04T18:00:00Z,AI-FinOps-MOCK,powerplatform.admin / dataverse.conversationtranscript,2026-08-08,batch-2026-09-04,MOCK
2026-08-08,ENV-PROD,hr-helpdesk-bot,HR Helpdesk Bot,generative_answer,2,7987,79.87,161,BU-TECH,2026-09-04T18:00:00Z,AI-FinOps-MOCK,powerplatform.admin / dataverse.conversationtranscript,2026-08-08,batch-2026-09-04,MOCK
2026-08-08,ENV-PROD,hr-helpdesk-bot,HR Helpdesk Bot,agent_action,3,731,7.31,190,BU-TECH,2026-09-04T18:00:00Z,AI-FinOps-MOCK,powerplatform.admin / dataverse.conversationtranscript,2026-08-08,batch-2026-09-04,MOCK
2026-08-08,ENV-PROD,claims-triage-agent,Claims Triage Agent,classic_answer,1,6238,62.38,100,BU-INSURANCE,2026-09-04T18:00:00Z,AI-FinOps-MOCK,powerplatform.admin / dataverse.conversationtranscript,2026-08-08,batch-2026-09-04,MOCK
2026-08-08,ENV-PROD,claims-triage-agent,Claims Triage Agent,generative_answer,2,5150,51.5,154,BU-INSURANCE,2026-09-04T18:00:00Z,AI-FinOps-MOCK,powerplatform.admin / dataverse.conversationtranscript,2026-08-08,batch-2026-09-04,MOCK
2026-08-08,ENV-PROD,claims-triage-agent,Claims Triage Agent,agent_action,3,1664,16.64,154,BU-INSURANCE,2026-09-04T18:00:00Z,AI-FinOps-MOCK,powerplatform.admin / dataverse.conversationtranscript,2026-08-08,batch-2026-09-04,MOCK
2026-08-08,ENV-PROD,store-ops-assistant,Store Ops Assistant,classic_answer,1,2042,20.42,136,BU-RETAIL,2026-09-04T18:00:00Z,AI-FinOps-MOCK,powerplatform.admin / dataverse.conversationtranscript,2026-08-08,batch-2026-09-04,MOCK
2026-08-08,ENV-PROD,store-ops-assistant,Store Ops Assistant,generative_answer,2,4941,49.41,89,BU-RETAIL,2026-09-04T18:00:00Z,AI-FinOps-MOCK,powerplatform.admin / dataverse.conversationtranscript,2026-08-08,batch-2026-09-04,MOCK
2026-08-08,ENV-PROD,store-ops-assistant,Store Ops Assistant,agent_action,3,1938,19.38,135,BU-RETAIL,2026-09-04T18:00:00Z,AI-FinOps-MOCK,powerplatform.admin / dataverse.conversationtranscript,2026-08-08,batch-2026-09-04,MOCK
2026-08-07,ENV-PROD,hr-helpdesk-bot,HR Helpdesk Bot,classic_answer,1,810,8.1,33,BU-TECH,2026-09-04T18:00:00Z,AI-FinOps-MOCK,powerplatform.admin / dataverse.conversationtranscript,2026-08-07,batch-2026-09-04,MOCK
2026-08-07,ENV-PROD,hr-helpdesk-bot,HR Helpdesk Bot,generative_answer,2,960,9.6,69,BU-TECH,2026-09-04T18:00:00Z,AI-FinOps-MOCK,powerplatform.admin / dataverse.conversationtranscript,2026-08-07,batch-2026-09-04,MOCK
2026-08-07,ENV-PROD,hr-helpdesk-bot,HR Helpdesk Bot,agent_action,3,5428,54.28,66,BU-TECH,2026-09-04T18:00:00Z,AI-FinOps-MOCK,powerplatform.admin / dataverse.conversationtranscript,2026-08-07,batch-2026-09-04,MOCK
2026-08-07,ENV-PROD,claims-triage-agent,Claims Triage Agent,classic_answer,1,663,6.63,144,BU-INSURANCE,2026-09-04T18:00:00Z,AI-FinOps-MOCK,powerplatform.admin / dataverse.conversationtranscript,2026-08-07,batch-2026-09-04,MOCK
2026-08-07,ENV-PROD,claims-triage-agent,Claims Triage Agent,generative_answer,2,4415,44.15,10,BU-INSURANCE,2026-09-04T18:00:00Z,AI-FinOps-MOCK,powerplatform.admin / dataverse.conversationtranscript,2026-08-07,batch-2026-09-04,MOCK
2026-08-07,ENV-PROD,claims-triage-agent,Claims Triage Agent,agent_action,3,3217,32.17,167,BU-INSURANCE,2026-09-04T18:00:00Z,AI-FinOps-MOCK,powerplatform.admin / dataverse.conversationtranscript,2026-08-07,batch-2026-09-04,MOCK
2026-08-07,ENV-PROD,store-ops-assistant,Store Ops Assistant,classic_answer,1,2150,21.5,43,BU-RETAIL,2026-09-04T18:00:00Z,AI-FinOps-MOCK,powerplatform.admin / dataverse.conversationtranscript,2026-08-07,batch-2026-09-04,MOCK
2026-08-07,ENV-PROD,store-ops-assistant,Store Ops Assistant,generative_answer,2,3291,32.91,193,BU-RETAIL,2026-09-04T18:00:00Z,AI-FinOps-MOCK,powerplatform.admin / dataverse.conversationtranscript,2026-08-07,batch-2026-09-04,MOCK
2026-08-07,ENV-PROD,store-ops-assistant,Store Ops Assistant,agent_action,3,1953,19.53,92,BU-RETAIL,2026-09-04T18:00:00Z,AI-FinOps-MOCK,powerplatform.admin / dataverse.conversationtranscript,2026-08-07,batch-2026-09-04,MOCK
2026-08-06,ENV-PROD,hr-helpdesk-bot,HR Helpdesk Bot,classic_answer,1,987,9.87,15,BU-TECH,2026-09-04T18:00:00Z,AI-FinOps-MOCK,powerplatform.admin / dataverse.conversationtranscript,2026-08-06,batch-2026-09-04,MOCK
2026-08-06,ENV-PROD,hr-helpdesk-bot,HR Helpdesk Bot,generative_answer,2,1710,17.1,160,BU-TECH,2026-09-04T18:00:00Z,AI-FinOps-MOCK,powerplatform.admin / dataverse.conversationtranscript,2026-08-06,batch-2026-09-04,MOCK
2026-08-06,ENV-PROD,hr-helpdesk-bot,HR Helpdesk Bot,agent_action,3,6272,62.72,46,BU-TECH,2026-09-04T18:00:00Z,AI-FinOps-MOCK,powerplatform.admin / dataverse.conversationtranscript,2026-08-06,batch-2026-09-04,MOCK
2026-08-06,ENV-PROD,claims-triage-agent,Claims Triage Agent,classic_answer,1,6843,68.43,38,BU-INSURANCE,2026-09-04T18:00:00Z,AI-FinOps-MOCK,powerplatform.admin / dataverse.conversationtranscript,2026-08-06,batch-2026-09-04,MOCK
2026-08-06,ENV-PROD,claims-triage-agent,Claims Triage Agent,generative_answer,2,7434,74.34,144,BU-INSURANCE,2026-09-04T18:00:00Z,AI-FinOps-MOCK,powerplatform.admin / dataverse.conversationtranscript,2026-08-06,batch-2026-09-04,MOCK
2026-08-06,ENV-PROD,claims-triage-agent,Claims Triage Agent,agent_action,3,7550,75.5,103,BU-INSURANCE,2026-09-04T18:00:00Z,AI-FinOps-MOCK,powerplatform.admin / dataverse.conversationtranscript,2026-08-06,batch-2026-09-04,MOCK
2026-08-06,ENV-PROD,store-ops-assistant,Store Ops Assistant,classic_answer,1,1094,10.94,105,BU-RETAIL,2026-09-04T18:00:00Z,AI-FinOps-MOCK,powerplatform.admin / dataverse.conversationtranscript,2026-08-06,batch-2026-09-04,MOCK
2026-08-06,ENV-PROD,store-ops-assistant,Store Ops Assistant,generative_answer,2,6271,62.71,179,BU-RETAIL,2026-09-04T18:00:00Z,AI-FinOps-MOCK,powerplatform.admin / dataverse.conversationtranscript,2026-08-06,batch-2026-09-04,MOCK
2026-08-06,ENV-PROD,store-ops-assistant,Store Ops Assistant,agent_action,3,3740,37.4,160,BU-RETAIL,2026-09-04T18:00:00Z,AI-FinOps-MOCK,powerplatform.admin / dataverse.conversationtranscript,2026-08-06,batch-2026-09-04,MOCK
2026-08-05,ENV-PROD,hr-helpdesk-bot,HR Helpdesk Bot,classic_answer,1,1327,13.27,96,BU-TECH,2026-09-04T18:00:00Z,AI-FinOps-MOCK,powerplatform.admin / dataverse.conversationtranscript,2026-08-05,batch-2026-09-04,MOCK
2026-08-05,ENV-PROD,hr-helpdesk-bot,HR Helpdesk Bot,generative_answer,2,2972,29.72,92,BU-TECH,2026-09-04T18:00:00Z,AI-FinOps-MOCK,powerplatform.admin / dataverse.conversationtranscript,2026-08-05,batch-2026-09-04,MOCK
2026-08-05,ENV-PROD,hr-helpdesk-bot,HR Helpdesk Bot,agent_action,3,1617,16.17,50,BU-TECH,2026-09-04T18:00:00Z,AI-FinOps-MOCK,powerplatform.admin / dataverse.conversationtranscript,2026-08-05,batch-2026-09-04,MOCK
2026-08-05,ENV-PROD,claims-triage-agent,Claims Triage Agent,classic_answer,1,6499,64.99,121,BU-INSURANCE,2026-09-04T18:00:00Z,AI-FinOps-MOCK,powerplatform.admin / dataverse.conversationtranscript,2026-08-05,batch-2026-09-04,MOCK
2026-08-05,ENV-PROD,claims-triage-agent,Claims Triage Agent,generative_answer,2,6986,69.86,173,BU-INSURANCE,2026-09-04T18:00:00Z,AI-FinOps-MOCK,powerplatform.admin / dataverse.conversationtranscript,2026-08-05,batch-2026-09-04,MOCK
2026-08-05,ENV-PROD,claims-triage-agent,Claims Triage Agent,agent_action,3,4491,44.91,176,BU-INSURANCE,2026-09-04T18:00:00Z,AI-FinOps-MOCK,powerplatform.admin / dataverse.conversationtranscript,2026-08-05,batch-2026-09-04,MOCK
2026-08-05,ENV-PROD,store-ops-assistant,Store Ops Assistant,classic_answer,1,3099,30.99,54,BU-RETAIL,2026-09-04T18:00:00Z,AI-FinOps-MOCK,powerplatform.admin / dataverse.conversationtranscript,2026-08-05,batch-2026-09-04,MOCK
2026-08-05,ENV-PROD,store-ops-assistant,Store Ops Assistant,generative_answer,2,6293,62.93,153,BU-RETAIL,2026-09-04T18:00:00Z,AI-FinOps-MOCK,powerplatform.admin / dataverse.conversationtranscript,2026-08-05,batch-2026-09-04,MOCK
2026-08-05,ENV-PROD,store-ops-assistant,Store Ops Assistant,agent_action,3,6181,61.81,167,BU-RETAIL,2026-09-04T18:00:00Z,AI-FinOps-MOCK,powerplatform.admin / dataverse.conversationtranscript,2026-08-05,batch-2026-09-04,MOCK
2026-08-04,ENV-PROD,hr-helpdesk-bot,HR Helpdesk Bot,classic_answer,1,6947,69.47,101,BU-TECH,2026-09-04T18:00:00Z,AI-FinOps-MOCK,powerplatform.admin / dataverse.conversationtranscript,2026-08-04,batch-2026-09-04,MOCK
2026-08-04,ENV-PROD,hr-helpdesk-bot,HR Helpdesk Bot,generative_answer,2,2328,23.28,180,BU-TECH,2026-09-04T18:00:00Z,AI-FinOps-MOCK,powerplatform.admin / dataverse.conversationtranscript,2026-08-04,batch-2026-09-04,MOCK
2026-08-04,ENV-PROD,hr-helpdesk-bot,HR Helpdesk Bot,agent_action,3,5324,53.24,54,BU-TECH,2026-09-04T18:00:00Z,AI-FinOps-MOCK,powerplatform.admin / dataverse.conversationtranscript,2026-08-04,batch-2026-09-04,MOCK
2026-08-04,ENV-PROD,claims-triage-agent,Claims Triage Agent,classic_answer,1,3599,35.99,88,BU-INSURANCE,2026-09-04T18:00:00Z,AI-FinOps-MOCK,powerplatform.admin / dataverse.conversationtranscript,2026-08-04,batch-2026-09-04,MOCK
2026-08-04,ENV-PROD,claims-triage-agent,Claims Triage Agent,generative_answer,2,6512,65.12,186,BU-INSURANCE,2026-09-04T18:00:00Z,AI-FinOps-MOCK,powerplatform.admin / dataverse.conversationtranscript,2026-08-04,batch-2026-09-04,MOCK
2026-08-04,ENV-PROD,claims-triage-agent,Claims Triage Agent,agent_action,3,2912,29.12,42,BU-INSURANCE,2026-09-04T18:00:00Z,AI-FinOps-MOCK,powerplatform.admin / dataverse.conversationtranscript,2026-08-04,batch-2026-09-04,MOCK
2026-08-04,ENV-PROD,store-ops-assistant,Store Ops Assistant,classic_answer,1,1955,19.55,196,BU-RETAIL,2026-09-04T18:00:00Z,AI-FinOps-MOCK,powerplatform.admin / dataverse.conversationtranscript,2026-08-04,batch-2026-09-04,MOCK
2026-08-04,ENV-PROD,store-ops-assistant,Store Ops Assistant,generative_answer,2,514,5.14,189,BU-RETAIL,2026-09-04T18:00:00Z,AI-FinOps-MOCK,powerplatform.admin / dataverse.conversationtranscript,2026-08-04,batch-2026-09-04,MOCK
2026-08-04,ENV-PROD,store-ops-assistant,Store Ops Assistant,agent_action,3,5192,51.92,110,BU-RETAIL,2026-09-04T18:00:00Z,AI-FinOps-MOCK,powerplatform.admin / dataverse.conversationtranscript,2026-08-04,batch-2026-09-04,MOCK
2026-08-03,ENV-PROD,hr-helpdesk-bot,HR Helpdesk Bot,classic_answer,1,7469,74.69,155,BU-TECH,2026-09-04T18:00:00Z,AI-FinOps-MOCK,powerplatform.admin / dataverse.conversationtranscript,2026-08-03,batch-2026-09-04,MOCK
2026-08-03,ENV-PROD,hr-helpdesk-bot,HR Helpdesk Bot,generative_answer,2,765,7.65,56,BU-TECH,2026-09-04T18:00:00Z,AI-FinOps-MOCK,powerplatform.admin / dataverse.conversationtranscript,2026-08-03,batch-2026-09-04,MOCK
2026-08-03,ENV-PROD,hr-helpdesk-bot,HR Helpdesk Bot,agent_action,3,5434,54.34,91,BU-TECH,2026-09-04T18:00:00Z,AI-FinOps-MOCK,powerplatform.admin / dataverse.conversationtranscript,2026-08-03,batch-2026-09-04,MOCK
2026-08-03,ENV-PROD,claims-triage-agent,Claims Triage Agent,classic_answer,1,7125,71.25,166,BU-INSURANCE,2026-09-04T18:00:00Z,AI-FinOps-MOCK,powerplatform.admin / dataverse.conversationtranscript,2026-08-03,batch-2026-09-04,MOCK
2026-08-03,ENV-PROD,claims-triage-agent,Claims Triage Agent,generative_answer,2,2309,23.09,173,BU-INSURANCE,2026-09-04T18:00:00Z,AI-FinOps-MOCK,powerplatform.admin / dataverse.conversationtranscript,2026-08-03,batch-2026-09-04,MOCK
2026-08-03,ENV-PROD,claims-triage-agent,Claims Triage Agent,agent_action,3,5132,51.32,36,BU-INSURANCE,2026-09-04T18:00:00Z,AI-FinOps-MOCK,powerplatform.admin / dataverse.conversationtranscript,2026-08-03,batch-2026-09-04,MOCK
2026-08-03,ENV-PROD,store-ops-assistant,Store Ops Assistant,classic_answer,1,4564,45.64,46,BU-RETAIL,2026-09-04T18:00:00Z,AI-FinOps-MOCK,powerplatform.admin / dataverse.conversationtranscript,2026-08-03,batch-2026-09-04,MOCK
2026-08-03,ENV-PROD,store-ops-assistant,Store Ops Assistant,generative_answer,2,3212,32.12,200,BU-RETAIL,2026-09-04T18:00:00Z,AI-FinOps-MOCK,powerplatform.admin / dataverse.conversationtranscript,2026-08-03,batch-2026-09-04,MOCK
2026-08-03,ENV-PROD,store-ops-assistant,Store Ops Assistant,agent_action,3,1137,11.37,70,BU-RETAIL,2026-09-04T18:00:00Z,AI-FinOps-MOCK,powerplatform.admin / dataverse.conversationtranscript,2026-08-03,batch-2026-09-04,MOCK
2026-08-02,ENV-PROD,hr-helpdesk-bot,HR Helpdesk Bot,classic_answer,1,3341,33.41,91,BU-TECH,2026-09-04T18:00:00Z,AI-FinOps-MOCK,powerplatform.admin / dataverse.conversationtranscript,2026-08-02,batch-2026-09-04,MOCK
2026-08-02,ENV-PROD,hr-helpdesk-bot,HR Helpdesk Bot,generative_answer,2,1875,18.75,172,BU-TECH,2026-09-04T18:00:00Z,AI-FinOps-MOCK,powerplatform.admin / dataverse.conversationtranscript,2026-08-02,batch-2026-09-04,MOCK
2026-08-02,ENV-PROD,hr-helpdesk-bot,HR Helpdesk Bot,agent_action,3,7752,77.52,32,BU-TECH,2026-09-04T18:00:00Z,AI-FinOps-MOCK,powerplatform.admin / dataverse.conversationtranscript,2026-08-02,batch-2026-09-04,MOCK
2026-08-02,ENV-PROD,claims-triage-agent,Claims Triage Agent,classic_answer,1,7231,72.31,191,BU-INSURANCE,2026-09-04T18:00:00Z,AI-FinOps-MOCK,powerplatform.admin / dataverse.conversationtranscript,2026-08-02,batch-2026-09-04,MOCK
2026-08-02,ENV-PROD,claims-triage-agent,Claims Triage Agent,generative_answer,2,5988,59.88,173,BU-INSURANCE,2026-09-04T18:00:00Z,AI-FinOps-MOCK,powerplatform.admin / dataverse.conversationtranscript,2026-08-02,batch-2026-09-04,MOCK
2026-08-02,ENV-PROD,claims-triage-agent,Claims Triage Agent,agent_action,3,6474,64.74,95,BU-INSURANCE,2026-09-04T18:00:00Z,AI-FinOps-MOCK,powerplatform.admin / dataverse.conversationtranscript,2026-08-02,batch-2026-09-04,MOCK
2026-08-02,ENV-PROD,store-ops-assistant,Store Ops Assistant,classic_answer,1,4158,41.58,12,BU-RETAIL,2026-09-04T18:00:00Z,AI-FinOps-MOCK,powerplatform.admin / dataverse.conversationtranscript,2026-08-02,batch-2026-09-04,MOCK
2026-08-02,ENV-PROD,store-ops-assistant,Store Ops Assistant,generative_answer,2,2672,26.72,63,BU-RETAIL,2026-09-04T18:00:00Z,AI-FinOps-MOCK,powerplatform.admin / dataverse.conversationtranscript,2026-08-02,batch-2026-09-04,MOCK
2026-08-02,ENV-PROD,store-ops-assistant,Store Ops Assistant,agent_action,3,2544,25.44,187,BU-RETAIL,2026-09-04T18:00:00Z,AI-FinOps-MOCK,powerplatform.admin / dataverse.conversationtranscript,2026-08-02,batch-2026-09-04,MOCK
2026-08-01,ENV-PROD,hr-helpdesk-bot,HR Helpdesk Bot,classic_answer,1,1055,10.55,99,BU-TECH,2026-09-04T18:00:00Z,AI-FinOps-MOCK,powerplatform.admin / dataverse.conversationtranscript,2026-08-01,batch-2026-09-04,MOCK
2026-08-01,ENV-PROD,hr-helpdesk-bot,HR Helpdesk Bot,generative_answer,2,2602,26.02,37,BU-TECH,2026-09-04T18:00:00Z,AI-FinOps-MOCK,powerplatform.admin / dataverse.conversationtranscript,2026-08-01,batch-2026-09-04,MOCK
2026-08-01,ENV-PROD,hr-helpdesk-bot,HR Helpdesk Bot,agent_action,3,6401,64.01,10,BU-TECH,2026-09-04T18:00:00Z,AI-FinOps-MOCK,powerplatform.admin / dataverse.conversationtranscript,2026-08-01,batch-2026-09-04,MOCK
2026-08-01,ENV-PROD,claims-triage-agent,Claims Triage Agent,classic_answer,1,894,8.94,108,BU-INSURANCE,2026-09-04T18:00:00Z,AI-FinOps-MOCK,powerplatform.admin / dataverse.conversationtranscript,2026-08-01,batch-2026-09-04,MOCK
2026-08-01,ENV-PROD,claims-triage-agent,Claims Triage Agent,generative_answer,2,4089,40.89,197,BU-INSURANCE,2026-09-04T18:00:00Z,AI-FinOps-MOCK,powerplatform.admin / dataverse.conversationtranscript,2026-08-01,batch-2026-09-04,MOCK
2026-08-01,ENV-PROD,claims-triage-agent,Claims Triage Agent,agent_action,3,3937,39.37,52,BU-INSURANCE,2026-09-04T18:00:00Z,AI-FinOps-MOCK,powerplatform.admin / dataverse.conversationtranscript,2026-08-01,batch-2026-09-04,MOCK
2026-08-01,ENV-PROD,store-ops-assistant,Store Ops Assistant,classic_answer,1,7746,77.46,115,BU-RETAIL,2026-09-04T18:00:00Z,AI-FinOps-MOCK,powerplatform.admin / dataverse.conversationtranscript,2026-08-01,batch-2026-09-04,MOCK
2026-08-01,ENV-PROD,store-ops-assistant,Store Ops Assistant,generative_answer,2,4539,45.39,106,BU-RETAIL,2026-09-04T18:00:00Z,AI-FinOps-MOCK,powerplatform.admin / dataverse.conversationtranscript,2026-08-01,batch-2026-09-04,MOCK
2026-08-01,ENV-PROD,store-ops-assistant,Store Ops Assistant,agent_action,3,3377,33.77,149,BU-RETAIL,2026-09-04T18:00:00Z,AI-FinOps-MOCK,powerplatform.admin / dataverse.conversationtranscript,2026-08-01,batch-2026-09-04,MOCK
